"Auto-elevated","Executable","DLL","Procedure"
TRUE,"bthudtask.exe","DEVOBJ.dll","DllMain"
TRUE,"computerdefaults.exe","CRYPTBASE.DLL","DllMain"
TRUE,"computerdefaults.exe","edputil.dll","DllMain"
TRUE,"computerdefaults.exe","edputil.dll","EdpGetIsManaged"
TRUE,"computerdefaults.exe","MLANG.dll","ConvertINetUnicodeToMultiByte"
TRUE,"computerdefaults.exe","MLANG.dll","DllMain"
TRUE,"computerdefaults.exe","PROPSYS.dll","DllMain"
TRUE,"computerdefaults.exe","PROPSYS.dll","PSCreateMemoryPropertyStore"
TRUE,"computerdefaults.exe","PROPSYS.dll","PSPropertyBag_WriteDWORD"
TRUE,"computerdefaults.exe","Secur32.dll","DllMain"
TRUE,"computerdefaults.exe","SSPICLI.DLL","DllMain"
TRUE,"computerdefaults.exe","SSPICLI.DLL","GetUserNameExW"
TRUE,"computerdefaults.exe","WININET.dll","DllMain"
TRUE,"computerdefaults.exe","WININET.dll","GetUrlCacheEntryBinaryBlob"
TRUE,"dccw.exe","ColorAdapterClient.dll","DllMain"
TRUE,"dccw.exe","dxva2.dll","DllMain"
TRUE,"dccw.exe","mscms.dll","DccwReleaseDisplayProfileAssociationList"
TRUE,"dccw.exe","mscms.dll","DllMain"
TRUE,"dccw.exe","mscms.dll","WcsGetCalibrationManagementState"
TRUE,"dccw.exe","mscms.dll","WcsSetCalibrationManagementState"
TRUE,"dccw.exe","USERENV.dll","DllMain"
TRUE,"easinvoker.exe","AUTHZ.dll","DllMain"
TRUE,"easinvoker.exe","netutils.dll","DllMain"
TRUE,"easinvoker.exe","samcli.dll","DllMain"
TRUE,"easinvoker.exe","SAMLIB.dll","DllMain"
TRUE,"easpolicymanagerbrokerhost.exe","InprocLogger.dll","DllMain"
TRUE,"easpolicymanagerbrokerhost.exe","InprocLogger.dll","FlushInProcTraceSession"
TRUE,"easpolicymanagerbrokerhost.exe","InprocLogger.dll","InitializeInProcLogger"
TRUE,"easpolicymanagerbrokerhost.exe","InprocLogger.dll","InitializeInProcTraceFlushTrigger"
TRUE,"easpolicymanagerbrokerhost.exe","InprocLogger.dll","InitializeInProcTraceSession"
TRUE,"easpolicymanagerbrokerhost.exe","InprocLogger.dll","ShutdownInProcLogger"
TRUE,"easpolicymanagerbrokerhost.exe","InprocLogger.dll","ShutdownInProcTraceSession"
TRUE,"easpolicymanagerbrokerhost.exe","InprocLogger.dll","StopInProcTraceSession"
TRUE,"easpolicymanagerbrokerhost.exe","policymanager.dll","DllMain"
TRUE,"fodhelper.exe","CRYPTBASE.DLL","DllMain"
TRUE,"fodhelper.exe","edputil.dll","DllMain"
TRUE,"fodhelper.exe","edputil.dll","EdpGetIsManaged"
TRUE,"fodhelper.exe","MLANG.dll","ConvertINetUnicodeToMultiByte"
TRUE,"fodhelper.exe","MLANG.dll","DllMain"
TRUE,"fodhelper.exe","PROPSYS.dll","DllMain"
TRUE,"fodhelper.exe","PROPSYS.dll","PSCreateMemoryPropertyStore"
TRUE,"fodhelper.exe","PROPSYS.dll","PSPropertyBag_WriteDWORD"
TRUE,"fodhelper.exe","Secur32.dll","DllMain"
TRUE,"fodhelper.exe","SSPICLI.DLL","DllMain"
TRUE,"fodhelper.exe","SSPICLI.DLL","GetUserNameExW"
TRUE,"fodhelper.exe","WININET.dll","DllMain"
TRUE,"fodhelper.exe","WININET.dll","GetUrlCacheEntryBinaryBlob"
TRUE,"fsavailux.exe","DEVOBJ.dll","DllMain"
TRUE,"fxsunatd.exe","FXSAPI.dll","DllMain"
TRUE,"fxsunatd.exe","FXSAPI.dll","FaxConnectFaxServerW"
TRUE,"fxsunatd.exe","IPHLPAPI.DLL","DllMain"
TRUE,"fxsunatd.exe","PROPSYS.dll","DllMain"
TRUE,"immersivetpmvscmgrsvr.exe","DEVOBJ.dll","DllMain"
TRUE,"iscsicli.exe","DEVOBJ.dll","DllMain"
TRUE,"iscsicli.exe","ISCSIDSC.dll","DllMain"
TRUE,"iscsicli.exe","ISCSIDSC.dll","GetIScsiVersionInformation"
TRUE,"iscsicli.exe","ISCSIUM.dll","DiscpAllocMemory"
TRUE,"iscsicli.exe","ISCSIUM.dll","DiscpRegisterHeap"
TRUE,"iscsicli.exe","ISCSIUM.dll","DllMain"
TRUE,"iscsicli.exe","WMICLNT.dll","DllMain"
TRUE,"mdsched.exe","bcd.dll","DllMain"
TRUE,"mschedexe.exe","MaintenanceUI.dll","DllMain"
TRUE,"msconfig.exe","ATL.DLL","AtlModuleInit"
TRUE,"msconfig.exe","ATL.DLL","AtlModuleRegisterClassObjects"
TRUE,"msconfig.exe","ATL.DLL","DllMain"
TRUE,"msconfig.exe","bcd.dll","DllMain"
TRUE,"msdt.exe","ATL.DLL","DllMain"
TRUE,"msdt.exe","Cabinet.dll","DllMain"
TRUE,"msdt.exe","SSPICLI.DLL","DllMain"
TRUE,"msdt.exe","UxTheme.dll","DllMain"
TRUE,"msdt.exe","wer.dll","DllMain"
TRUE,"msdt.exe","WINHTTP.dll","DllMain"
TRUE,"multidigimon.exe","NInput.dll","DllMain"
TRUE,"netplwiz.exe","CRYPTBASE.dll","DllMain"
TRUE,"netplwiz.exe","DSROLE.dll","DllMain"
TRUE,"netplwiz.exe","DSROLE.dll","DsRoleGetPrimaryDomainInformation"
TRUE,"netplwiz.exe","NETPLWIZ.dll","DllMain"
TRUE,"netplwiz.exe","NETPLWIZ.dll","UsersRunDllW"
TRUE,"netplwiz.exe","netutils.dll","DllMain"
TRUE,"netplwiz.exe","netutils.dll","NetApiBufferFree"
TRUE,"netplwiz.exe","PROPSYS.dll","DllMain"
TRUE,"netplwiz.exe","samcli.dll","DllMain"
TRUE,"netplwiz.exe","samcli.dll","NetUserGetInfo"
TRUE,"netplwiz.exe","SAMLIB.dll","DllMain"
TRUE,"netplwiz.exe","SAMLIB.dll","SamConnect"
TRUE,"netplwiz.exe","SAMLIB.dll","SamEnumerateDomainsInSamServer"
TRUE,"netplwiz.exe","SAMLIB.dll","SamFreeMemory"
TRUE,"optionalfeatures.exe","DUI70.dll","DllMain"
TRUE,"optionalfeatures.exe","DUI70.dll","InitProcessPriv"
TRUE,"optionalfeatures.exe","DUI70.dll","RegisterBaseControls"
TRUE,"optionalfeatures.exe","DUI70.dll","RegisterCommonControls"
TRUE,"optionalfeatures.exe","DUI70.dll","RegisterExtendedControls"
TRUE,"optionalfeatures.exe","DUI70.dll","RegisterStandardControls"
TRUE,"optionalfeatures.exe","msi.dll","DllMain"
TRUE,"optionalfeatures.exe","OLEACC.dll","CreateStdAccessibleObject"
TRUE,"optionalfeatures.exe","OLEACC.dll","DllMain"
TRUE,"optionalfeatures.exe","OLEACC.dll","GetRoleTextW"
TRUE,"optionalfeatures.exe","osbaseln.dll","CloseOsBaseline"
TRUE,"optionalfeatures.exe","osbaseln.dll","DllMain"
TRUE,"optionalfeatures.exe","osbaseln.dll","OpenOsBaseline"
TRUE,"optionalfeatures.exe","PROPSYS.dll","DllMain"
TRUE,"perfmon.exe","ATL.DLL","DllMain"
TRUE,"perfmon.exe","credui.dll","DllMain"
TRUE,"perfmon.exe","SspiCli.dll","DllMain"
TRUE,"printui.exe","IPHLPAPI.DLL","DllMain"
TRUE,"printui.exe","printui.dll","DllMain"
TRUE,"printui.exe","printui.dll","PrintUIEntryW"
TRUE,"printui.exe","PROPSYS.dll","DllMain"
TRUE,"printui.exe","puiapi.dll","DllMain"
TRUE,"recdisc.exe","bcd.dll","DllMain"
TRUE,"recdisc.exe","Cabinet.dll","DllMain"
TRUE,"recdisc.exe","ReAgent.dll","DllMain"
TRUE,"rstrui.exe","bcd.dll","DllMain"
TRUE,"rstrui.exe","ktmw32.dll","DllMain"
TRUE,"rstrui.exe","SPP.dll","DllMain"
TRUE,"rstrui.exe","SPP.dll","SxTracerGetThreadContextRetail"
TRUE,"rstrui.exe","SRCORE.dll","DllMain"
TRUE,"rstrui.exe","SRCORE.dll","SrFreeRestoreStatus"
TRUE,"rstrui.exe","VSSAPI.DLL","DllMain"
TRUE,"rstrui.exe","VssTrace.DLL","DllMain"
TRUE,"rstrui.exe","wer.dll","DllMain"
TRUE,"sdclt.exe","bcd.dll","DllMain"
TRUE,"sdclt.exe","Cabinet.dll","DllMain"
TRUE,"sdclt.exe","CLDAPI.dll","CfGetPlaceholderStateFromAttributeTag"
TRUE,"sdclt.exe","CLDAPI.dll","DllMain"
TRUE,"sdclt.exe","CRYPTBASE.DLL","DllMain"
TRUE,"sdclt.exe","edputil.dll","DllMain"
TRUE,"sdclt.exe","edputil.dll","EdpGetIsManaged"
TRUE,"sdclt.exe","FLTLIB.DLL","DllMain"
TRUE,"sdclt.exe","PROPSYS.dll","DllMain"
TRUE,"sdclt.exe","PROPSYS.dll","PSCreateMemoryPropertyStore"
TRUE,"sdclt.exe","PROPSYS.dll","PSPropertyBag_WriteDWORD"
TRUE,"sdclt.exe","ReAgent.dll","DllMain"
TRUE,"sdclt.exe","SPP.dll","DllMain"
TRUE,"sdclt.exe","SPP.dll","SxTracerGetThreadContextRetail"
TRUE,"sdclt.exe","SspiCli.dll","DllMain"
TRUE,"sdclt.exe","SspiCli.dll","GetUserNameExW"
TRUE,"sdclt.exe","UxTheme.dll","DllMain"
TRUE,"sdclt.exe","VSSAPI.DLL","DllMain"
TRUE,"sdclt.exe","VssTrace.DLL","DllMain"
TRUE,"sdclt.exe","wer.dll","DllMain"
TRUE,"sdclt.exe","WTSAPI32.dll","DllMain"
TRUE,"systempropertiesadvanced.exe","bcd.dll","DllMain"
TRUE,"systempropertiesadvanced.exe","credui.dll","DllMain"
TRUE,"systempropertiesadvanced.exe","DNSAPI.dll","DllMain"
TRUE,"systempropertiesadvanced.exe","DSROLE.DLL","DllMain"
TRUE,"systempropertiesadvanced.exe","DSROLE.DLL","DsRoleGetPrimaryDomainInformation"
TRUE,"systempropertiesadvanced.exe","LOGONCLI.DLL","DllMain"
TRUE,"systempropertiesadvanced.exe","netid.dll","CreateNetIDPropertyPage"
TRUE,"systempropertiesadvanced.exe","netid.dll","DllMain"
TRUE,"systempropertiesadvanced.exe","NETUTILS.DLL","DllMain"
TRUE,"systempropertiesadvanced.exe","SRVCLI.DLL","DllMain"
TRUE,"systempropertiesadvanced.exe","WINBRAND.dll","DllMain"
TRUE,"systempropertiesadvanced.exe","WINSTA.dll","DllMain"
TRUE,"systempropertiesadvanced.exe","WKSCLI.DLL","DllMain"
TRUE,"systempropertiescomputername.exe","bcd.dll","DllMain"
TRUE,"systempropertiescomputername.exe","WINSTA.dll","DllMain"
TRUE,"systempropertiesdataexecutionprevention.exe","bcd.dll","DllMain"
TRUE,"systempropertiesdataexecutionprevention.exe","WINSTA.dll","DllMain"
TRUE,"systempropertieshardware.exe","bcd.dll","DllMain"
TRUE,"systempropertieshardware.exe","WINSTA.dll","DllMain"
TRUE,"systempropertiesprotection.exe","bcd.dll","DllMain"
TRUE,"systempropertiesprotection.exe","WINSTA.dll","DllMain"
TRUE,"systempropertiesremote.exe","bcd.dll","DllMain"
TRUE,"systempropertiesremote.exe","WINSTA.dll","DllMain"
TRUE,"systemreset.exe","bcd.dll","BcdCloseObject"
TRUE,"systemreset.exe","bcd.dll","BcdCloseStore"
TRUE,"systemreset.exe","bcd.dll","BcdFlushStore"
TRUE,"systemreset.exe","bcd.dll","BcdGetElementData"
TRUE,"systemreset.exe","bcd.dll","BcdOpenObject"
TRUE,"systemreset.exe","bcd.dll","BcdOpenStore"
TRUE,"systemreset.exe","bcd.dll","DllMain"
TRUE,"systemreset.exe","Cabinet.dll","DllMain"
TRUE,"systemreset.exe","d3d10warp.dll","DllMain"
TRUE,"systemreset.exe","d3d10warp.dll","OpenAdapter10_2"
TRUE,"systemreset.exe","d3d11.dll","D3D11CreateDevice"
TRUE,"systemreset.exe","d3d11.dll","DllMain"
TRUE,"systemreset.exe","dbgcore.DLL","DllMain"
TRUE,"systemreset.exe","DismApi.DLL","DllMain"
TRUE,"systemreset.exe","dxgi.dll","CreateDXGIFactory1"
TRUE,"systemreset.exe","dxgi.dll","DllMain"
TRUE,"systemreset.exe","FVEAPI.dll","DllMain"
TRUE,"systemreset.exe","FVEAPI.dll","FveGetStatus"
TRUE,"systemreset.exe","FVEAPI.dll","FveOpenVolumeW"
TRUE,"systemreset.exe","ReAgent.dll","DllMain"
TRUE,"systemreset.exe","ReAgent.dll","WinReGetConfig"
TRUE,"systemreset.exe","ResetEngine.dll","DllMain"
TRUE,"systemreset.exe","ResetEngine.dll","ResetCreateSession"
TRUE,"systemreset.exe","ResetEngine.dll","ResetReleaseSession"
TRUE,"systemreset.exe","ResetEngine.dll","ResetTraceClientInfo"
TRUE,"systemreset.exe","ResetEngine.dll","ResetValidateScenario"
TRUE,"systemreset.exe","tbs.dll","DllMain"
TRUE,"systemreset.exe","VSSAPI.DLL","DllMain"
TRUE,"systemreset.exe","VssTrace.DLL","DllMain"
TRUE,"systemreset.exe","WDSCORE.dll","ConstructPartialMsgVW"
TRUE,"systemreset.exe","WDSCORE.dll","CurrentIP"
TRUE,"systemreset.exe","WDSCORE.dll","DllMain"
TRUE,"systemreset.exe","WDSCORE.dll","WdsInitialize"
TRUE,"systemreset.exe","WDSCORE.dll","WdsSetupLogMessageW"
TRUE,"systemreset.exe","WIMGAPI.DLL","DllMain"
TRUE,"systemreset.exe","WIMGAPI.DLL","WIMCreateFile"
TRUE,"systemreset.exe","WINHTTP.dll","DllMain"
TRUE,"systemreset.exe","WOFUTIL.dll","DllMain"
TRUE,"systemreset.exe","XmlLite.dll","DllMain"
TRUE,"systemsettingsadminflows.exe","AppXDeploymentClient.dll","DllMain"
TRUE,"systemsettingsadminflows.exe","Bcp47Langs.dll","DllMain"
TRUE,"systemsettingsadminflows.exe","DEVRTL.dll","DllMain"
TRUE,"systemsettingsadminflows.exe","DismApi.DLL","DllMain"
TRUE,"systemsettingsadminflows.exe","DNSAPI.dll","DllMain"
TRUE,"systemsettingsadminflows.exe","FirewallAPI.dll","DllMain"
TRUE,"systemsettingsadminflows.exe","fwbase.dll","DllMain"
TRUE,"systemsettingsadminflows.exe","fwbase.dll","FwCriticalSectionCreate"
TRUE,"systemsettingsadminflows.exe","fwbase.dll","FwCriticalSectionDestroy"
TRUE,"systemsettingsadminflows.exe","logoncli.dll","DllMain"
TRUE,"systemsettingsadminflows.exe","netutils.dll","DllMain"
TRUE,"systemsettingsadminflows.exe","newdev.dll","DllMain"
TRUE,"systemsettingsadminflows.exe","PROPSYS.dll","DllMain"
TRUE,"systemsettingsadminflows.exe","samcli.dll","DllMain"
TRUE,"systemsettingsadminflows.exe","SspiCli.dll","DllMain"
TRUE,"systemsettingsadminflows.exe","StateRepository.Core.dll","DllMain"
TRUE,"systemsettingsadminflows.exe","SystemSettingsThresholdAdminFlowUI.dll","DllMain"
TRUE,"systemsettingsadminflows.exe","timesync.dll","DllMain"
TRUE,"systemsettingsadminflows.exe","USERENV.dll","DllMain"
TRUE,"systemsettingsadminflows.exe","WINBRAND.dll","DllMain"
TRUE,"systemsettingsadminflows.exe","wkscli.dll","DllMain"
TRUE,"systemsettingsadminflows.exe","Wldp.dll","DllMain"
TRUE,"systemsettingsadminflows.exe","WTSAPI32.dll","DllMain"
TRUE,"taskmgr.exe","credui.dll","DllMain"
TRUE,"taskmgr.exe","d3d11.dll","DllMain"
TRUE,"taskmgr.exe","d3d12.dll","DllMain"
TRUE,"taskmgr.exe","dxgi.dll","DllMain"
TRUE,"taskmgr.exe","pdh.dll","DllMain"
TRUE,"taskmgr.exe","UxTheme.dll","DllMain"
TRUE,"tcmsetup.exe","TAPI32.dll","DllMain"
TRUE,"winsat.exe","d3d10_1.dll","DllMain"
TRUE,"winsat.exe","d3d10_1core.dll","DllMain"
TRUE,"winsat.exe","d3d10.dll","DllMain"
TRUE,"winsat.exe","d3d10core.dll","DllMain"
TRUE,"winsat.exe","d3d11.dll","DllMain"
TRUE,"winsat.exe","dxgi.dll","DllMain"
TRUE,"winsat.exe","winmm.dll","DllMain"
TRUE,"wsreset.exe","licensemanagerapi.dll","DllMain"
TRUE,"wsreset.exe","licensemanagerapi.dll","Reset"
TRUE,"wsreset.exe","wevtapi.dll","DllMain"
TRUE,"wusa.exe","dpx.dll","DllMain"
TRUE,"wusa.exe","WTSAPI32.dll","DllMain"
FALSE,"agentservice.exe","ACTIVEDS.dll","DllMain"
FALSE,"agentservice.exe","adsldpc.dll","DllMain"
FALSE,"agentservice.exe","FLTLIB.DLL","DllMain"
FALSE,"applytrustoffline.exe","mintdh.dll","DllMain"
FALSE,"applytrustoffline.exe","mintdh.dll","TdhpSetWbemExtensionBlock"
FALSE,"applytrustoffline.exe","StateRepository.Core.dll","DllMain"
FALSE,"arp.exe","IPHLPAPI.DLL","DllMain"
FALSE,"arp.exe","snmpapi.dll","DllMain"
FALSE,"at.exe","cryptdll.dll","DllMain"
FALSE,"at.exe","netutils.dll","DllMain"
FALSE,"at.exe","NtlmShared.dll","DllMain"
FALSE,"at.exe","schedcli.dll","DllMain"
FALSE,"at.exe","schedcli.dll","NetScheduleJobEnum"
FALSE,"at.exe","sspicli.dll","DllMain"
FALSE,"at.exe","sspicli.dll","InitSecurityInterfaceW"
FALSE,"auditpol.exe","auditpolcore.dll","AdtEnableSinglePrivilege"
FALSE,"auditpol.exe","auditpolcore.dll","AuditPolicyData_DeleteAuditDataInstance"
FALSE,"auditpol.exe","auditpolcore.dll","DllMain"
FALSE,"auditpol.exe","auditpolcore.dll","LoadFormatStringAndPrintToConsole"
FALSE,"baaupdate.exe","FVEAPI.dll","DllMain"
FALSE,"bdechangepin.exe","FVEAPI.dll","DllMain"
FALSE,"bdechangepin.exe","FVEAPI.dll","FveGetAuthMethodInformation"
FALSE,"bdechangepin.exe","FVEAPI.dll","FveGetStatus"
FALSE,"bdechangepin.exe","FVEAPI.dll","FveOpenVolumeW"
FALSE,"bdeuisrv.exe","USERENV.dll","DllMain"
FALSE,"bdeuisrv.exe","WTSAPI32.dll","DllMain"
FALSE,"bioiso.exe","iumbase.DLL","DllMain"
FALSE,"bootim.exe","bcd.dll","BcdGetElementData"
FALSE,"bootim.exe","bcd.dll","BcdOpenObject"
FALSE,"bootim.exe","bcd.dll","BcdOpenSystemStore"
FALSE,"bootim.exe","bcd.dll","BcdQueryObject"
FALSE,"bootim.exe","bcd.dll","DllMain"
FALSE,"bootim.exe","BootMenuUX.DLL","CreateBareMetalRecoveryButton"
FALSE,"bootim.exe","BootMenuUX.DLL","CreateBootableOSButtonCollection"
FALSE,"bootim.exe","BootMenuUX.DLL","CreateCloudRecoveryButton"
FALSE,"bootim.exe","BootMenuUX.DLL","CreateDefaultOSButton"
FALSE,"bootim.exe","BootMenuUX.DLL","CreateDeviceListButton"
FALSE,"bootim.exe","BootMenuUX.DLL","CreateDirectFactoryResetButton"
FALSE,"bootim.exe","BootMenuUX.DLL","CreateOSListButton"
FALSE,"bootim.exe","BootMenuUX.DLL","CreateRecoveryToolsListButton"
FALSE,"bootim.exe","BootMenuUX.DLL","CreateSelectOSPage"
FALSE,"bootim.exe","BootMenuUX.DLL","CreateShutdownButton"
FALSE,"bootim.exe","BootMenuUX.DLL","DllMain"
FALSE,"bootim.exe","Cabinet.dll","DllMain"
FALSE,"bootim.exe","dbghelp.dll","DllMain"
FALSE,"bootim.exe","DismApi.DLL","DllMain"
FALSE,"bootim.exe","FLTLIB.DLL","DllMain"
FALSE,"bootim.exe","OLEACC.dll","DllMain"
FALSE,"bootim.exe","OLEACC.dll","GetRoleTextW"
FALSE,"bootim.exe","PROPSYS.dll","DllMain"
FALSE,"bootim.exe","PROPSYS.dll","PSCreateMemoryPropertyStore"
FALSE,"bootim.exe","ReAgent.dll","DllMain"
FALSE,"bootim.exe","ReAgent.dll","WinReGetConfig"
FALSE,"bootim.exe","ResetEng.dll","DllMain"
FALSE,"bootim.exe","tbs.dll","DllMain"
FALSE,"bootim.exe","VirtDisk.dll","DllMain"
FALSE,"bootim.exe","VSSAPI.DLL","DllMain"
FALSE,"bootim.exe","VssTrace.DLL","DllMain"
FALSE,"bootim.exe","WDSCORE.dll","ConstructPartialMsgVW"
FALSE,"bootim.exe","WDSCORE.dll","CurrentIP"
FALSE,"bootim.exe","WDSCORE.dll","DllMain"
FALSE,"bootim.exe","WDSCORE.dll","WdsSetupLogMessageW"
FALSE,"calc.exe","CRYPTBASE.DLL","DllMain"
FALSE,"calc.exe","edputil.dll","DllMain"
FALSE,"calc.exe","edputil.dll","EdpGetIsManaged"
FALSE,"calc.exe","MLANG.dll","ConvertINetUnicodeToMultiByte"
FALSE,"calc.exe","MLANG.dll","DllMain"
FALSE,"calc.exe","PROPSYS.dll","DllMain"
FALSE,"calc.exe","PROPSYS.dll","PSCreateMemoryPropertyStore"
FALSE,"calc.exe","PROPSYS.dll","PSPropertyBag_WriteDWORD"
FALSE,"calc.exe","Secur32.dll","DllMain"
FALSE,"calc.exe","SSPICLI.DLL","DllMain"
FALSE,"calc.exe","SSPICLI.DLL","GetUserNameExW"
FALSE,"calc.exe","WININET.dll","DllMain"
FALSE,"calc.exe","WININET.dll","GetUrlCacheEntryBinaryBlob"
FALSE,"certreq.exe","cscapi.dll","CscNetApiGetInterface"
FALSE,"certreq.exe","cscapi.dll","DllMain"
FALSE,"certreq.exe","DUI70.dll","DllMain"
FALSE,"certreq.exe","DUI70.dll","FlushThemeHandles"
FALSE,"certreq.exe","DUI70.dll","InitProcessPriv"
FALSE,"certreq.exe","DUI70.dll","InitThread"
FALSE,"certreq.exe","dwmapi.dll","DllMain"
FALSE,"certreq.exe","dwmapi.dll","DwmSetWindowAttribute"
FALSE,"certreq.exe","LINKINFO.dll","DllMain"
FALSE,"certreq.exe","LINKINFO.dll","IsValidLinkInfo"
FALSE,"certreq.exe","SSPICLI.DLL","DllMain"
FALSE,"certreq.exe","WindowsCodecs.dll","DllMain"
FALSE,"certreq.exe","WindowsCodecs.dll","WICCreateImagingFactory_Proxy"
FALSE,"certreq.exe","WININET.dll","DllMain"
FALSE,"certreq.exe","XmlLite.dll","CreateXmlReader"
FALSE,"certreq.exe","XmlLite.dll","CreateXmlReaderInputWithEncodingName"
FALSE,"certreq.exe","XmlLite.dll","DllMain"
FALSE,"certutil.exe","Cabinet.dll","DllMain"
FALSE,"certutil.exe","CRYPTUI.dll","DllMain"
FALSE,"certutil.exe","DSROLE.DLL","DllMain"
FALSE,"certutil.exe","LOGONCLI.DLL","DllMain"
FALSE,"certutil.exe","NETUTILS.DLL","DllMain"
FALSE,"certutil.exe","NTDSAPI.dll","DllMain"
FALSE,"certutil.exe","SAMCLI.DLL","DllMain"
FALSE,"certutil.exe","SSPICLI.DLL","DllMain"
FALSE,"change.exe","logoncli.dll","DllMain"
FALSE,"change.exe","netutils.dll","DllMain"
FALSE,"change.exe","samcli.dll","DllMain"
FALSE,"change.exe","srvcli.dll","DllMain"
FALSE,"change.exe","utildll.dll","DllMain"
FALSE,"change.exe","WINSTA.dll","DllMain"
FALSE,"charmap.exe","GetUName.dll","DllMain"
FALSE,"charmap.exe","MSFTEDIT.DLL","DllMain"
FALSE,"checknetisolation.exe","DNSAPI.dll","DllMain"
FALSE,"checknetisolation.exe","FirewallAPI.dll","DllMain"
FALSE,"checknetisolation.exe","fwbase.dll","DllMain"
FALSE,"checknetisolation.exe","fwbase.dll","FwAlloc"
FALSE,"checknetisolation.exe","fwbase.dll","FwCriticalSectionCreate"
FALSE,"checknetisolation.exe","fwbase.dll","FwCriticalSectionDestroy"
FALSE,"checknetisolation.exe","fwbase.dll","FwFree"
FALSE,"checknetisolation.exe","fwpuclnt.dll","DllMain"
FALSE,"chglogon.exe","logoncli.dll","DllMain"
FALSE,"chglogon.exe","netutils.dll","DllMain"
FALSE,"chglogon.exe","REGAPI.dll","DllMain"
FALSE,"chglogon.exe","samcli.dll","DllMain"
FALSE,"chglogon.exe","srvcli.dll","DllMain"
FALSE,"chglogon.exe","utildll.dll","DllMain"
FALSE,"chglogon.exe","WINSTA.dll","DllMain"
FALSE,"chgport.exe","logoncli.dll","DllMain"
FALSE,"chgport.exe","netutils.dll","DllMain"
FALSE,"chgport.exe","samcli.dll","DllMain"
FALSE,"chgport.exe","srvcli.dll","DllMain"
FALSE,"chgport.exe","utildll.dll","DllMain"
FALSE,"chgport.exe","WINSTA.dll","DllMain"
FALSE,"chkdsk.exe","DEVOBJ.dll","DllMain"
FALSE,"chkntfs.exe","DEVOBJ.dll","DllMain"
FALSE,"cipher.exe","DSROLE.dll","DllMain"
FALSE,"cipher.exe","EFSUTIL.dll","DllMain"
FALSE,"cipher.exe","FeClient.dll","DllMain"
FALSE,"cipher.exe","iertutil.dll","DllMain"
FALSE,"cipher.exe","NTDSAPI.dll","DllMain"
FALSE,"cipher.exe","VAULTCLI.dll","DllMain"
FALSE,"clipup.exe","CRYPTXML.dll","DllMain"
FALSE,"clipup.exe","webservices.dll","DllMain"
FALSE,"cmdl32.exe","Cabinet.dll","DllMain"
FALSE,"cmdl32.exe","cmpbk32.dll","DllMain"
FALSE,"cmdl32.exe","RASAPI32.dll","DllMain"
FALSE,"cmdl32.exe","rasman.dll","DllMain"
FALSE,"cmdl32.exe","WINHTTP.dll","DllMain"
FALSE,"colorcpl.exe","ColorAdapterClient.dll","DllMain"
FALSE,"colorcpl.exe","colorui.dll","DllMain"
FALSE,"colorcpl.exe","colorui.dll","LaunchColorCpl"
FALSE,"colorcpl.exe","IPHLPAPI.DLL","DllMain"
FALSE,"colorcpl.exe","mscms.dll","ColorCplInitialize"
FALSE,"colorcpl.exe","mscms.dll","ColorCplUninitialize"
FALSE,"colorcpl.exe","mscms.dll","DllMain"
FALSE,"colorcpl.exe","PROPSYS.dll","DllMain"
FALSE,"colorcpl.exe","USERENV.dll","DllMain"
FALSE,"compmgmtlauncher.exe","apphelp.dll","ApphelpCheckShellObject"
FALSE,"compmgmtlauncher.exe","apphelp.dll","DllMain"
FALSE,"compmgmtlauncher.exe","CLDAPI.dll","CfGetPlaceholderStateFromAttributeTag"
FALSE,"compmgmtlauncher.exe","CLDAPI.dll","DllMain"
FALSE,"compmgmtlauncher.exe","CRYPTBASE.dll","DllMain"
FALSE,"compmgmtlauncher.exe","CRYPTBASE.dll","SystemFunction036"
FALSE,"compmgmtlauncher.exe","edputil.dll","DllMain"
FALSE,"compmgmtlauncher.exe","edputil.dll","EdpGetIsManaged"
FALSE,"compmgmtlauncher.exe","FLTLIB.DLL","DllMain"
FALSE,"compmgmtlauncher.exe","PROPSYS.dll","DllMain"
FALSE,"compmgmtlauncher.exe","PROPSYS.dll","PSCreateMemoryPropertyStore"
FALSE,"compmgmtlauncher.exe","PROPSYS.dll","PSPropertyBag_WriteDWORD"
FALSE,"ctfmon.exe","MsCtfMonitor.DLL","DllMain"
FALSE,"ctfmon.exe","MsCtfMonitor.DLL","DoMsCtfMonitor"
FALSE,"ctfmon.exe","MSUTB.dll","DllMain"
FALSE,"ctfmon.exe","WINSTA.dll","DllMain"
FALSE,"cttune.exe","DWrite.dll","DllMain"
FALSE,"cttune.exe","DWrite.dll","DWriteCreateFactory"
FALSE,"cttune.exe","OLEACC.dll","DllMain"
FALSE,"cttune.exe","UxTheme.dll","DllMain"
FALSE,"dataexchangehost.exe","d2d1.dll","DllMain"
FALSE,"dataexchangehost.exe","d3d11.dll","DllMain"
FALSE,"dataexchangehost.exe","DWrite.dll","DllMain"
FALSE,"dataexchangehost.exe","dxgi.dll","DllMain"
FALSE,"datausagelivetiletask.exe","dusmapi.dll","DllMain"
FALSE,"datausagelivetiletask.exe","IPHLPAPI.DLL","DllMain"
FALSE,"ddodiag.exe","XmlLite.dll","CreateXmlReader"
FALSE,"ddodiag.exe","XmlLite.dll","DllMain"
FALSE,"deploymentcsphelper.exe","dbgcore.DLL","DllMain"
FALSE,"deploymentcsphelper.exe","DismApi.DLL","DllMain"
FALSE,"deploymentcsphelper.exe","WDSCORE.dll","ConstructPartialMsgVW"
FALSE,"deploymentcsphelper.exe","WDSCORE.dll","CurrentIP"
FALSE,"deploymentcsphelper.exe","WDSCORE.dll","DllMain"
FALSE,"deploymentcsphelper.exe","WDSCORE.dll","WdsInitialize"
FALSE,"deploymentcsphelper.exe","WDSCORE.dll","WdsSetupLogMessageW"
FALSE,"deploymentcsphelper.exe","WDSCORE.dll","WdsTerminate"
FALSE,"devicecensus.exe","dcntel.dll","DllMain"
FALSE,"devicecensus.exe","dcntel.dll","GetCensusRegistryLocation"
FALSE,"devicecensus.exe","dcntel.dll","RunSystemContextCensus"
FALSE,"devicecensus.exe","dcntel.dll","SetCustomTrigger"
FALSE,"devicecensus.exe","dcntel.dll","SetCustomTriggerEx"
FALSE,"devicecensus.exe","IPHLPAPI.DLL","DllMain"
FALSE,"devicecensus.exe","IPHLPAPI.DLL","GetAdaptersInfo"
FALSE,"devicecensus.exe","logoncli.dll","DllMain"
FALSE,"devicecensus.exe","logoncli.dll","DsGetDcNameW"
FALSE,"devicecensus.exe","netutils.dll","DllMain"
FALSE,"devicecensus.exe","netutils.dll","NetApiBufferAllocate"
FALSE,"devicecensus.exe","WINHTTP.dll","DllMain"
FALSE,"devicecredentialdeployment.exe","DeviceCredential.dll","DllMain"
FALSE,"deviceenroller.exe","DEVOBJ.dll","DllMain"
FALSE,"deviceenroller.exe","DMCmnUtils.dll","CopyString"
FALSE,"deviceenroller.exe","DMCmnUtils.dll","DllMain"
FALSE,"deviceenroller.exe","dmEnrollEngine.DLL","DllMain"
FALSE,"deviceenroller.exe","dmenterprisediagnostics.dll","DllMain"
FALSE,"deviceenroller.exe","iri.dll","DllMain"
FALSE,"deviceenroller.exe","netutils.dll","DllMain"
FALSE,"deviceenroller.exe","omadmapi.dll","DllMain"
FALSE,"deviceenroller.exe","omadmapi.dll","FreeCommandLineOptions"
FALSE,"deviceenroller.exe","omadmapi.dll","ProcessCommandLine"
FALSE,"deviceenroller.exe","samcli.dll","DllMain"
FALSE,"deviceenroller.exe","USERENV.dll","DllMain"
FALSE,"deviceenroller.exe","XmlLite.dll","DllMain"
FALSE,"devicepairingwizard.exe","dwmapi.dll","DllMain"
FALSE,"devicepairingwizard.exe","dwmapi.dll","DwmExtendFrameIntoClientArea"
FALSE,"devicepairingwizard.exe","OLEACC.dll","DllMain"
FALSE,"devicepairingwizard.exe","OLEACC.dll","GetRoleTextW"
FALSE,"dfrgui.exe","SXSHARED.dll","DllMain"
FALSE,"dfrgui.exe","SXSHARED.dll","SxTracerGetThreadContextRetail"
FALSE,"dialer.exe","rtutils.dll","DllMain"
FALSE,"dialer.exe","rtutils.dll","TraceRegisterExW"
FALSE,"dialer.exe","rtutils.dll","TraceVprintfExA"
FALSE,"dialer.exe","SspiCli.dll","DllMain"
FALSE,"dialer.exe","SspiCli.dll","GetUserNameExW"
FALSE,"dialer.exe","TAPI32.dll","DllMain"
FALSE,"dialer.exe","TAPI32.dll","lineInitializeExW"
FALSE,"disksnapshot.exe","CRYPTBASE.dll","DllMain"
FALSE,"disksnapshot.exe","CRYPTBASE.dll","SystemFunction036"
FALSE,"dispdiag.exe","DEVOBJ.dll","DevObjCreateDeviceInfoList"
FALSE,"dispdiag.exe","DEVOBJ.dll","DevObjDestroyDeviceInfoList"
FALSE,"dispdiag.exe","DEVOBJ.dll","DevObjGetClassDevs"
FALSE,"dispdiag.exe","DEVOBJ.dll","DllMain"
FALSE,"dispdiag.exe","DXVA2.dll","DllMain"
FALSE,"dispdiag.exe","DXVA2.dll","GetNumberOfPhysicalMonitorsFromHMONITOR"
FALSE,"dispdiag.exe","WMICLNT.dll","DllMain"
FALSE,"dispdiag.exe","WMICLNT.dll","WmiDevInstToInstanceNameW"
FALSE,"dispdiag.exe","WMICLNT.dll","WmiOpenBlock"
FALSE,"displayswitch.exe","dwmapi.dll","DllMain"
FALSE,"displayswitch.exe","policymanager.dll","DllMain"
FALSE,"displayswitch.exe","policymanager.dll","PolicyManager_GetPolicyInt"
FALSE,"displayswitch.exe","UxTheme.dll","DllMain"
FALSE,"displayswitch.exe","WINSTA.dll","DllMain"
FALSE,"djoin.exe","dbgcore.DLL","DllMain"
FALSE,"djoin.exe","JOINUTIL.DLL","DllMain"
FALSE,"djoin.exe","logoncli.dll","DllMain"
FALSE,"djoin.exe","netutils.dll","DllMain"
FALSE,"djoin.exe","netutils.dll","NetApiBufferFree"
FALSE,"djoin.exe","wdscore.dll","ConstructPartialMsgVW"
FALSE,"djoin.exe","wdscore.dll","CurrentIP"
FALSE,"djoin.exe","wdscore.dll","DllMain"
FALSE,"djoin.exe","wdscore.dll","WdsSetupLogDestroy"
FALSE,"djoin.exe","wdscore.dll","WdsSetupLogInit"
FALSE,"djoin.exe","wdscore.dll","WdsSetupLogMessageW"
FALSE,"djoin.exe","wkscli.dll","DllMain"
FALSE,"dmcertinst.exe","certenroll.dll","DllMain"
FALSE,"dmcertinst.exe","DMCmnUtils.dll","DllMain"
FALSE,"dmcertinst.exe","DSPARSE.dll","DllMain"
FALSE,"dmcertinst.exe","iri.dll","DllMain"
FALSE,"dmcertinst.exe","omadmapi.dll","DllMain"
FALSE,"dmcertinst.exe","omadmapi.dll","ProcessCommandLine"
FALSE,"dmcfghost.exe","DMCmnUtils.dll","DllMain"
FALSE,"dmcfghost.exe","DMPushProxy.dll","DllMain"
FALSE,"dmcfghost.exe","DMPushProxy.dll","PushRouter_FreeGetMessageEventName"
FALSE,"dmcfghost.exe","DMPushProxy.dll","PushRouter_Open"
FALSE,"dmcfghost.exe","dmxmlhelputils.dll","DllMain"
FALSE,"dmcfghost.exe","dsclient.dll","DllMain"
FALSE,"dmcfghost.exe","iri.dll","DllMain"
FALSE,"dmcfghost.exe","omadmapi.dll","DllMain"
FALSE,"dmcfghost.exe","XmlLite.dll","DllMain"
FALSE,"dmclient.exe","WINHTTP.dll","DllMain"
FALSE,"dmclient.exe","XmlLite.dll","DllMain"
FALSE,"dmnotificationbroker.exe","DMCmnUtils.dll","DllMain"
FALSE,"dmomacpmo.exe","DEVOBJ.dll","DllMain"
FALSE,"dmomacpmo.exe","DMCmnUtils.dll","DllMain"
FALSE,"dmomacpmo.exe","dmEnrollEngine.DLL","DllMain"
FALSE,"dmomacpmo.exe","DMProcessXMLFiltered.dll","DllMain"
FALSE,"dmomacpmo.exe","dsclient.dll","DllMain"
FALSE,"dmomacpmo.exe","iri.dll","DllMain"
FALSE,"dmomacpmo.exe","omadmapi.dll","DllMain"
FALSE,"dmomacpmo.exe","omadmapi.dll","ProcessCommandLine"
FALSE,"dmomacpmo.exe","USERENV.dll","DllMain"
FALSE,"dmomacpmo.exe","XmlLite.dll","DllMain"
FALSE,"dnscacheugc.exe","dbgcore.DLL","DllMain"
FALSE,"dnscacheugc.exe","IPHLPAPI.DLL","DllMain"
FALSE,"dnscacheugc.exe","wdscore.dll","ConstructPartialMsgVW"
FALSE,"dnscacheugc.exe","wdscore.dll","CurrentIP"
FALSE,"dnscacheugc.exe","wdscore.dll","DllMain"
FALSE,"dnscacheugc.exe","wdscore.dll","WdsSetupLogDestroy"
FALSE,"dnscacheugc.exe","wdscore.dll","WdsSetupLogInit"
FALSE,"dnscacheugc.exe","wdscore.dll","WdsSetupLogMessageW"
FALSE,"dpapimig.exe","netutils.dll","DllMain"
FALSE,"dpapimig.exe","netutils.dll","NetApiBufferFree"
FALSE,"dpapimig.exe","samcli.dll","DllMain"
FALSE,"dpapimig.exe","samcli.dll","NetUserModalsGet"
FALSE,"dpapimig.exe","SAMLIB.dll","DllMain"
FALSE,"dpapimig.exe","SAMLIB.dll","SamConnect"
FALSE,"dpapimig.exe","SAMLIB.dll","SamEnumerateDomainsInSamServer"
FALSE,"dpapimig.exe","SAMLIB.dll","SamFreeMemory"
FALSE,"dpiscaling.exe","CLDAPI.dll","CfGetPlaceholderStateFromAttributeTag"
FALSE,"dpiscaling.exe","CLDAPI.dll","DllMain"
FALSE,"dpiscaling.exe","CRYPTBASE.DLL","DllMain"
FALSE,"dpiscaling.exe","edputil.dll","DllMain"
FALSE,"dpiscaling.exe","edputil.dll","EdpGetIsManaged"
FALSE,"dpiscaling.exe","FLTLIB.DLL","DllMain"
FALSE,"dpiscaling.exe","PROPSYS.dll","DllMain"
FALSE,"dpiscaling.exe","PROPSYS.dll","PSCreateMemoryPropertyStore"
FALSE,"dpiscaling.exe","PROPSYS.dll","PSPropertyBag_WriteDWORD"
FALSE,"driverquery.exe","netutils.dll","DllMain"
FALSE,"driverquery.exe","srvcli.dll","DllMain"
FALSE,"driverquery.exe","SspiCli.dll","DllMain"
FALSE,"drvinst.exe","DEVOBJ.dll","DllMain"
FALSE,"drvinst.exe","DEVRTL.dll","DllMain"
FALSE,"dsregcmd.exe","dsreg.dll","DllMain"
FALSE,"dsregcmd.exe","logoncli.dll","DllMain"
FALSE,"dsregcmd.exe","netutils.dll","DllMain"
FALSE,"dsregcmd.exe","PROPSYS.dll","DllMain"
FALSE,"dsregcmd.exe","SSPICLI.DLL","DllMain"
FALSE,"dsregcmd.exe","USERENV.dll","DllMain"
FALSE,"dsregcmd.exe","WINHTTP.dll","DllMain"
FALSE,"dsregcmd.exe","WININET.dll","DllMain"
FALSE,"dsregcmd.exe","wkscli.dll","DllMain"
FALSE,"dstokenclean.exe","dsclient.dll","DllMain"
FALSE,"dstokenclean.exe","dsclient.dll","DSRemoveExpiredTokens"
FALSE,"dwm.exe","CoreMessaging.dll","DllMain"
FALSE,"dwm.exe","d2d1.dll","DllMain"
FALSE,"dwm.exe","d3d11.dll","DllMain"
FALSE,"dwm.exe","D3DCOMPILER_47.dll","DllMain"
FALSE,"dwm.exe","dwmcore.dll","DllMain"
FALSE,"dwm.exe","dxgi.dll","DllMain"
FALSE,"dwm.exe","dxgi.dll","DXGIDeclareAdapterRemovalSupport"
FALSE,"dwwin.exe","wer.dll","DllMain"
FALSE,"dxgiadaptercache.exe","d3d11.dll","DllMain"
FALSE,"dxgiadaptercache.exe","d3d12.dll","DllMain"
FALSE,"dxgiadaptercache.exe","dxgi.dll","DllMain"
FALSE,"dxpserver.exe","dwmapi.dll","DllMain"
FALSE,"dxpserver.exe","msi.dll","DllMain"
FALSE,"dxpserver.exe","PROPSYS.dll","DllMain"
FALSE,"dxpserver.exe","XmlLite.dll","DllMain"
FALSE,"easeofaccessdialog.exe","OLEACC.dll","DllMain"
FALSE,"edpcleanup.exe","DMCmnUtils.dll","DllMain"
FALSE,"edpcleanup.exe","DNSAPI.dll","DllMain"
FALSE,"edpcleanup.exe","FirewallAPI.dll","DllMain"
FALSE,"edpcleanup.exe","fwbase.dll","DllMain"
FALSE,"edpcleanup.exe","fwbase.dll","FwCriticalSectionCreate"
FALSE,"edpcleanup.exe","fwbase.dll","FwCriticalSectionDestroy"
FALSE,"edpcleanup.exe","netutils.dll","DllMain"
FALSE,"edpcleanup.exe","policymanager.dll","DllMain"
FALSE,"edpcleanup.exe","SspiCli.dll","DllMain"
FALSE,"edpcleanup.exe","wkscli.dll","DllMain"
FALSE,"eduprintprov.exe","deviceassociation.dll","DllMain"
FALSE,"eduprintprov.exe","policymanager.dll","DllMain"
FALSE,"eduprintprov.exe","policymanager.dll","PolicyManager_GetPolicy"
FALSE,"eduprintprov.exe","SspiCli.dll","DllMain"
FALSE,"eduprintprov.exe","SspiCli.dll","GetUserNameExW"
FALSE,"efsui.exe","credui.dll","DllMain"
FALSE,"efsui.exe","CRYPTBASE.DLL","DllMain"
FALSE,"efsui.exe","CRYPTUI.dll","DllMain"
FALSE,"efsui.exe","DSROLE.dll","DllMain"
FALSE,"efsui.exe","EFSADU.dll","DllMain"
FALSE,"efsui.exe","EFSUTIL.dll","DllMain"
FALSE,"efsui.exe","FeClient.dll","DllMain"
FALSE,"efsui.exe","logoncli.dll","DllMain"
FALSE,"efsui.exe","netutils.dll","DllMain"
FALSE,"efsui.exe","USERENV.dll","DllMain"
FALSE,"efsui.exe","VAULTCLI.dll","DllMain"
FALSE,"ehstorauthn.exe","UxTheme.dll","DllMain"
FALSE,"esentutl.exe","ESENT.dll","DllMain"
FALSE,"eventcreate.exe","netutils.dll","DllMain"
FALSE,"eventcreate.exe","srvcli.dll","DllMain"
FALSE,"eventcreate.exe","SspiCli.dll","DllMain"
FALSE,"expand.exe","Cabinet.dll","DllMain"
FALSE,"extrac32.exe","Cabinet.dll","DllMain"
FALSE,"fhmanagew.exe","fhsvcctl.dll","DllMain"
FALSE,"filehistory.exe","CRYPTBASE.dll","DllMain"
FALSE,"filehistory.exe","CRYPTBASE.dll","SystemFunction036"
FALSE,"filehistory.exe","UxTheme.dll","DllMain"
FALSE,"filehistory.exe","UxTheme.dll","EnableThemeDialogTexture"
FALSE,"filehistory.exe","UxTheme.dll","OpenThemeData"
FALSE,"fixmapi.exe","mapistub.dll","DllMain"
FALSE,"fixmapi.exe","mapistub.dll","FixMAPI"
FALSE,"fltmc.exe","FLTLIB.DLL","DllMain"
FALSE,"fltmc.exe","FLTLIB.DLL","FilterFindFirst"
FALSE,"fltmc.exe","FLTLIB.DLL","FilterFindNext"
FALSE,"fondue.exe","msi.dll","DllMain"
FALSE,"fondue.exe","osbaseln.dll","DllMain"
FALSE,"fondue.exe","PROPSYS.dll","DllMain"
FALSE,"fsiso.exe","iumbase.DLL","DllMain"
FALSE,"fsquirt.exe","DEVOBJ.dll","DevObjCreateDeviceInfoList"
FALSE,"fsquirt.exe","DEVOBJ.dll","DevObjDestroyDeviceInfoList"
FALSE,"fsquirt.exe","DEVOBJ.dll","DevObjGetClassDevs"
FALSE,"fsquirt.exe","DEVOBJ.dll","DllMain"
FALSE,"fsquirt.exe","dwmapi.dll","DllMain"
FALSE,"fsquirt.exe","dwmapi.dll","DwmExtendFrameIntoClientArea"
FALSE,"fsquirt.exe","OLEACC.dll","DllMain"
FALSE,"fsquirt.exe","OLEACC.dll","GetRoleTextW"
FALSE,"ftp.exe","SspiCli.dll","DllMain"
FALSE,"fvenotify.exe","FVEAPI.dll","DllMain"
FALSE,"fvenotify.exe","FVEAPI.dll","FveFindFirstVolume"
FALSE,"fvenotify.exe","FVEAPI.dll","FveFindNextVolume"
FALSE,"fvenotify.exe","FVEAPI.dll","FveGetStatus"
FALSE,"fvenotify.exe","FVEAPI.dll","FveGetVolumeNameW"
FALSE,"fvenotify.exe","FVEAPI.dll","FveIsVolumeEncryptable"
FALSE,"fvenotify.exe","FVEAPI.dll","FveOpenVolumeByHandle"
FALSE,"fvenotify.exe","FVEAPI.dll","FveOpenVolumeW"
FALSE,"fveprompt.exe","FVEAPI.dll","DllMain"
FALSE,"fxscover.exe","IPHLPAPI.DLL","DllMain"
FALSE,"fxscover.exe","IPHLPAPI.DLL","GetAdaptersAddresses"
FALSE,"fxssvc.exe","credui.dll","DllMain"
FALSE,"fxssvc.exe","FXSTIFF.dll","DllMain"
FALSE,"fxssvc.exe","IPHLPAPI.DLL","DllMain"
FALSE,"fxssvc.exe","PROPSYS.dll","DllMain"
FALSE,"fxssvc.exe","TAPI32.dll","DllMain"
FALSE,"gamepanel.exe","d2d1.dll","DllMain"
FALSE,"gamepanel.exe","d3d11.dll","DllMain"
FALSE,"gamepanel.exe","dcomp.dll","DllMain"
FALSE,"gamepanel.exe","dwmapi.dll","DllMain"
FALSE,"gamepanel.exe","dwmapi.dll","DwmSetWindowAttribute"
FALSE,"gamepanel.exe","DWrite.dll","DllMain"
FALSE,"gamepanel.exe","DWrite.dll","DWriteCreateFactory"
FALSE,"gamepanel.exe","dxgi.dll","CreateDXGIFactory2"
FALSE,"gamepanel.exe","dxgi.dll","DllMain"
FALSE,"gamepanel.exe","msdrm.dll","DllMain"
FALSE,"gamepanel.exe","UIAutomationCore.DLL","DllMain"
FALSE,"gamepanel.exe","UxTheme.dll","DllMain"
FALSE,"gamepanel.exe","UxTheme.dll","EnableThemeDialogTexture"
FALSE,"gamepanel.exe","UxTheme.dll","OpenThemeData"
FALSE,"genvalobj.exe","bcd.dll","DllMain"
FALSE,"getmac.exe","netutils.dll","DllMain"
FALSE,"getmac.exe","srvcli.dll","DllMain"
FALSE,"getmac.exe","SspiCli.dll","DllMain"
FALSE,"getmac.exe","wkscli.dll","DllMain"
FALSE,"gpresult.exe","logoncli.dll","DllMain"
FALSE,"gpresult.exe","netutils.dll","DllMain"
FALSE,"gpresult.exe","NTDSAPI.dll","DllMain"
FALSE,"gpresult.exe","Secur32.dll","DllMain"
FALSE,"gpresult.exe","srvcli.dll","DllMain"
FALSE,"gpresult.exe","SspiCli.dll","DllMain"
FALSE,"gpupdate.exe","USERENV.dll","DllMain"
FALSE,"gpupdate.exe","wevtapi.dll","DllMain"
FALSE,"hvax64.exe","KDSTUB.dll","DllMain"
FALSE,"hvix64.exe","KDSTUB.dll","DllMain"
FALSE,"hvsievaluator.exe","DismApi.DLL","DllMain"
FALSE,"hvsievaluator.exe","DMCmnUtils.dll","DllMain"
FALSE,"hvsievaluator.exe","iri.dll","DllMain"
FALSE,"hvsievaluator.exe","omadmapi.dll","DllMain"
FALSE,"hvsievaluator.exe","policymanager.dll","DllMain"
FALSE,"hvsievaluator.exe","policymanager.dll","PolicyManager_GetPolicyInt"
FALSE,"ie4uinit.exe","CRYPTBASE.DLL","DllMain"
FALSE,"ie4uinit.exe","IEADVPACK.dll","DllMain"
FALSE,"ie4uinit.exe","iedkcs32.dll","DllMain"
FALSE,"ie4uinit.exe","MLANG.dll","DllMain"
FALSE,"ie4uinit.exe","netutils.dll","DllMain"
FALSE,"ie4uinit.exe","WININET.dll","DllMain"
FALSE,"ie4uinit.exe","wkscli.dll","DllMain"
FALSE,"ieunatt.exe","dbgcore.DLL","DllMain"
FALSE,"klist.exe","secur32.dll","DllMain"
FALSE,"ksetup.exe","logoncli.dll","DllMain"
FALSE,"ksetup.exe","netutils.dll","DllMain"
FALSE,"ksetup.exe","srvcli.dll","DllMain"
FALSE,"ksetup.exe","SspiCli.dll","DllMain"
FALSE,"label.exe","DEVOBJ.dll","DllMain"
FALSE,"licensingdiag.exe","Cabinet.dll","DllMain"
FALSE,"licensingdiag.exe","Cabinet.dll","FCICreate"
FALSE,"licensingdiag.exe","CLIPC.dll","ClipGatherDiagnostics"
FALSE,"licensingdiag.exe","CLIPC.dll","ClipGenerateDeviceLicenseRequest"
FALSE,"licensingdiag.exe","CLIPC.dll","ClipGetLicenseAndPolicyForPfn"
FALSE,"licensingdiag.exe","CLIPC.dll","ClipOpen"
FALSE,"licensingdiag.exe","CLIPC.dll","DllMain"
FALSE,"lockscreencontentserver.exe","dwmapi.dll","DllMain"
FALSE,"lpksetup.exe","CRYPTBASE.dll","DllMain"
FALSE,"lpksetup.exe","CRYPTBASE.dll","SystemFunction036"
FALSE,"lpksetup.exe","dpx.dll","DllMain"
FALSE,"lpremove.exe","AppXAllUserStore.dll","DllMain"
FALSE,"lpremove.exe","AppXAllUserStore.dll","IsNonInboxAllUserPackage"
FALSE,"lpremove.exe","AppXDeploymentClient.dll","DllMain"
FALSE,"lpremove.exe","Bcp47Langs.dll","Bcp47GetMuiForm"
FALSE,"lpremove.exe","Bcp47Langs.dll","DllMain"
FALSE,"lpremove.exe","Bcp47Langs.dll","GetUserLanguagesForUser"
FALSE,"lpremove.exe","DNSAPI.dll","DllMain"
FALSE,"lpremove.exe","FirewallAPI.dll","DllMain"
FALSE,"lpremove.exe","fwbase.dll","DllMain"
FALSE,"lpremove.exe","fwbase.dll","FwCriticalSectionCreate"
FALSE,"lpremove.exe","fwbase.dll","FwCriticalSectionDestroy"
FALSE,"lpremove.exe","StateRepository.Core.dll","DllMain"
FALSE,"magnify.exe","d3d9.dll","DllMain"
FALSE,"magnify.exe","MAGNIFICATION.dll","DllMain"
FALSE,"magnify.exe","MAGNIFICATION.dll","MagInitialize"
FALSE,"magnify.exe","MAGNIFICATION.dll","MagSetFullscreenTransform"
FALSE,"magnify.exe","MAGNIFICATION.dll","MagSetFullscreenUseBitmapSmoothing"
FALSE,"magnify.exe","MAGNIFICATION.dll","MagSetInputTransform"
FALSE,"magnify.exe","MAGNIFICATION.dll","MagShowSystemCursor"
FALSE,"magnify.exe","MAGNIFICATION.dll","MagUninitialize"
FALSE,"magnify.exe","OLEACC.dll","DllMain"
FALSE,"magnify.exe","UIAutomationCore.DLL","DllMain"
FALSE,"magnify.exe","WTSAPI32.dll","DllMain"
FALSE,"makecab.exe","Cabinet.dll","DllMain"
FALSE,"mcbuilder.exe","bcp47mrm.dll","DllMain"
FALSE,"mcbuilder.exe","bcp47mrm.dll","IsWellFormedTag"
FALSE,"mcbuilder.exe","mrmcoreR.dll","DllMain"
FALSE,"mcbuilder.exe","mrmcoreR.dll","MergeSystemPriFiles"
FALSE,"mdeserver.exe","d3d11.dll","DllMain"
FALSE,"mdeserver.exe","dxgi.dll","DllMain"
FALSE,"mdeserver.exe","MFPlat.DLL","DllMain"
FALSE,"mdeserver.exe","MFPlat.DLL","MFStartup"
FALSE,"mdeserver.exe","RTWorkQ.DLL","DllMain"
FALSE,"mdeserver.exe","RTWorkQ.DLL","RtwqRegisterPlatformEvents"
FALSE,"mdeserver.exe","RTWorkQ.DLL","RtwqStartup"
FALSE,"mdeserver.exe","SspiCli.dll","DllMain"
FALSE,"mdeserver.exe","winmde.dll","DllMain"
FALSE,"mdmappinstaller.exe","DEVOBJ.dll","DllMain"
FALSE,"mdmappinstaller.exe","DMCmnUtils.dll","DllMain"
FALSE,"mdmappinstaller.exe","dmEnrollEngine.DLL","DllMain"
FALSE,"mdmappinstaller.exe","iri.dll","DllMain"
FALSE,"mdmappinstaller.exe","msi.dll","DllMain"
FALSE,"mdmappinstaller.exe","omadmapi.dll","DllMain"
FALSE,"mdmappinstaller.exe","USERENV.dll","DllMain"
FALSE,"mdmappinstaller.exe","WTSAPI32.dll","DllMain"
FALSE,"mdmdiagnosticstool.exe","DEVOBJ.dll","DllMain"
FALSE,"mdmdiagnosticstool.exe","DMCmnUtils.dll","DllMain"
FALSE,"mdmdiagnosticstool.exe","dmEnrollEngine.DLL","DllMain"
FALSE,"mdmdiagnosticstool.exe","dmiso8601utils.dll","DllMain"
FALSE,"mdmdiagnosticstool.exe","DynamoAPI.dll","DllMain"
FALSE,"mdmdiagnosticstool.exe","iri.dll","DllMain"
FALSE,"mdmdiagnosticstool.exe","MdmDiagnostics.dll","DllMain"
FALSE,"mdmdiagnosticstool.exe","omadmapi.dll","DllMain"
FALSE,"mdmdiagnosticstool.exe","policymanager.dll","DllMain"
FALSE,"mdmdiagnosticstool.exe","tbs.dll","DllMain"
FALSE,"mdmdiagnosticstool.exe","USERENV.dll","DllMain"
FALSE,"mdmdiagnosticstool.exe","WINHTTP.dll","DllMain"
FALSE,"mdmdiagnosticstool.exe","WININET.dll","DllMain"
FALSE,"mdmdiagnosticstool.exe","XmlLite.dll","DllMain"
FALSE,"mfpmp.exe","CRYPTBASE.DLL","DllMain"
FALSE,"mfpmp.exe","ksuser.dll","DllMain"
FALSE,"mfpmp.exe","MFCORE.dll","DllMain"
FALSE,"mfpmp.exe","MFPlat.DLL","DllMain"
FALSE,"mfpmp.exe","MFPlat.DLL","MFGetCallStackTracingWeakReference"
FALSE,"mfpmp.exe","MFPlat.DLL","MFShutdown"
FALSE,"mfpmp.exe","RTWorkQ.DLL","DllMain"
FALSE,"mfpmp.exe","RTWorkQ.DLL","RtwqRegisterPlatformEvents"
FALSE,"mfpmp.exe","RTWorkQ.DLL","RtwqShutdown"
FALSE,"microsoft.uev.cscunpintool.exe","CSCAPI.dll","DllMain"
FALSE,"microsoft.uev.cscunpintool.exe","CSCAPI.dll","OfflineFilesQueryStatus"
FALSE,"microsoftedgebchost.exe","iertutil.dll","DllMain"
FALSE,"microsoftedgebchost.exe","USERENV.dll","DllMain"
FALSE,"microsoftedgecp.exe","iertutil.dll","DllMain"
FALSE,"microsoftedgecp.exe","USERENV.dll","DllMain"
FALSE,"microsoftedgedevtools.exe","iertutil.dll","DllMain"
FALSE,"microsoftedgesh.exe","USERENV.dll","DllMain"
FALSE,"microsoftedgesh.exe","USERENV.dll","GetAppContainerRegistryLocation"
FALSE,"mobsync.exe","edputil.dll","DllMain"
FALSE,"mobsync.exe","edputil.dll","EdpGetIsManaged"
FALSE,"mobsync.exe","PROPSYS.dll","DllMain"
FALSE,"mobsync.exe","PROPSYS.dll","PSGetNameFromPropertyKey"
FALSE,"mobsync.exe","PROPSYS.dll","PSStringFromPropertyKey"
FALSE,"mobsync.exe","PROPSYS.dll","VariantToString"
FALSE,"mousocoreworker.exe","winsqlite3.dll","DllMain"
FALSE,"msdt.exe","ATL.DLL","DllMain"
FALSE,"msdt.exe","Cabinet.dll","DllMain"
FALSE,"msdt.exe","SSPICLI.DLL","DllMain"
FALSE,"msdt.exe","SSPICLI.DLL","GetUserNameExW"
FALSE,"msdt.exe","UxTheme.dll","DllMain"
FALSE,"msdt.exe","wer.dll","DllMain"
FALSE,"msdt.exe","WINHTTP.dll","DllMain"
FALSE,"msdtc.exe","CLUSAPI.dll","DllMain"
FALSE,"msdtc.exe","DNSAPI.dll","DllMain"
FALSE,"msdtc.exe","ktmw32.dll","DllMain"
FALSE,"msdtc.exe","MSDTCTM.dll","DllMain"
FALSE,"msdtc.exe","MSDTCTM.dll","DtcMainExt"
FALSE,"msdtc.exe","MTXCLU.DLL","DllMain"
FALSE,"msdtc.exe","RESUTILS.dll","DllMain"
FALSE,"msdtc.exe","XOLEHLP.dll","DllMain"
FALSE,"msg.exe","WINSTA.dll","DllMain"
FALSE,"mshta.exe","CRYPTBASE.DLL","DllMain"
FALSE,"mshta.exe","netutils.dll","DllMain"
FALSE,"mshta.exe","srpapi.dll","DllMain"
FALSE,"mshta.exe","srpapi.dll","SrpGetEnterpriseIds"
FALSE,"mshta.exe","SspiCli.dll","DllMain"
FALSE,"mshta.exe","SspiCli.dll","GetUserNameExW"
FALSE,"mshta.exe","WINHTTP.dll","DllMain"
FALSE,"mshta.exe","wkscli.dll","DllMain"
FALSE,"mshta.exe","WLDP.DLL","DllMain"
FALSE,"mshta.exe","WLDP.DLL","WldpGetLockdownPolicy"
FALSE,"msiexec.exe","msi.dll","DllMain"
FALSE,"msiexec.exe","msi.dll","MsiLoadStringW"
FALSE,"msiexec.exe","msi.dll","MsiMessageBoxExW"
FALSE,"msinfo32.exe","ATL.DLL","DllMain"
FALSE,"msinfo32.exe","SLC.dll","DllMain"
FALSE,"msinfo32.exe","sppc.dll","DllMain"
FALSE,"mspaint.exe","MSFTEDIT.DLL","DllMain"
FALSE,"mspaint.exe","PROPSYS.dll","DllMain"
FALSE,"msra.exe","IPHLPAPI.DLL","DllMain"
FALSE,"msra.exe","IPHLPAPI.DLL","GetAdaptersAddresses"
FALSE,"msra.exe","IPHLPAPI.DLL","NotifyUnicastIpAddressChange"
FALSE,"msra.exe","NDFAPI.DLL","DllMain"
FALSE,"msra.exe","SspiCli.dll","DllMain"
FALSE,"msra.exe","SspiCli.dll","GetUserNameExA"
FALSE,"msra.exe","SspiCli.dll","GetUserNameExW"
FALSE,"msra.exe","USERENV.dll","DllMain"
FALSE,"msra.exe","USERENV.dll","GetProfileType"
FALSE,"msra.exe","UxTheme.dll","DllMain"
FALSE,"msra.exe","UxTheme.dll","IsAppThemed"
FALSE,"msra.exe","UxTheme.dll","IsThemeActive"
FALSE,"msra.exe","UxTheme.dll","OpenThemeData"
FALSE,"msra.exe","wdi.dll","DllMain"
FALSE,"mstsc.exe","credui.dll","DllMain"
FALSE,"mstsc.exe","CRYPTBASE.DLL","DllMain"
FALSE,"mstsc.exe","CRYPTUI.dll","DllMain"
FALSE,"mstsc.exe","IPHLPAPI.DLL","DllMain"
FALSE,"mstsc.exe","ktmw32.dll","DllMain"
FALSE,"mstsc.exe","NETUTILS.DLL","DllMain"
FALSE,"mstsc.exe","SSPICLI.DLL","DllMain"
FALSE,"mstsc.exe","WINHTTP.dll","DllMain"
FALSE,"mstsc.exe","WININET.dll","DllMain"
FALSE,"mstsc.exe","WKSCLI.DLL","DllMain"
FALSE,"mtstocom.exe","SspiCli.dll","DllMain"
FALSE,"muiunattend.exe","dbgcore.DLL","DllMain"
FALSE,"muiunattend.exe","SspiCli.dll","DllMain"
FALSE,"muiunattend.exe","wdscore.dll","ConstructPartialMsgVW"
FALSE,"muiunattend.exe","wdscore.dll","CurrentIP"
FALSE,"muiunattend.exe","wdscore.dll","DllMain"
FALSE,"muiunattend.exe","wdscore.dll","WdsSetupLogInit"
FALSE,"muiunattend.exe","wdscore.dll","WdsSetupLogMessageW"
FALSE,"musnotification.exe","Cabinet.dll","DllMain"
FALSE,"musnotification.exe","UpdatePolicy.dll","DllMain"
FALSE,"musnotification.exe","UPShared.dll","DllMain"
FALSE,"musnotification.exe","USERENV.dll","DllMain"
FALSE,"musnotification.exe","WINHTTP.dll","DllMain"
FALSE,"musnotification.exe","WINSTA.dll","DllMain"
FALSE,"musnotification.exe","WINSTA.dll","WinStationEnumerateW"
FALSE,"musnotificationux.exe","Cabinet.dll","DllMain"
FALSE,"musnotificationux.exe","DMCmnUtils.dll","DllMain"
FALSE,"musnotificationux.exe","UpdatePolicy.dll","DllMain"
FALSE,"musnotificationux.exe","UPShared.dll","DllMain"
FALSE,"musnotificationux.exe","WINHTTP.dll","DllMain"
FALSE,"musnotificationux.exe","XmlLite.dll","DllMain"
FALSE,"musnotifyicon.exe","DMCmnUtils.dll","DllMain"
FALSE,"musnotifyicon.exe","UPShared.dll","DllMain"
FALSE,"musnotifyicon.exe","WINHTTP.dll","DllMain"
FALSE,"musnotifyicon.exe","XmlLite.dll","DllMain"
FALSE,"nbtstat.exe","IPHLPAPI.DLL","DllMain"
FALSE,"net.exe","IPHLPAPI.DLL","DllMain"
FALSE,"net.exe","netutils.dll","DllMain"
FALSE,"net.exe","netutils.dll","NetApiBufferAllocate"
FALSE,"net.exe","samcli.dll","DllMain"
FALSE,"net.exe","srvcli.dll","DllMain"
FALSE,"net.exe","wkscli.dll","DllMain"
FALSE,"net1.exe","CRYPTBASE.dll","DllMain"
FALSE,"net1.exe","DSROLE.dll","DllMain"
FALSE,"net1.exe","logoncli.dll","DllMain"
FALSE,"net1.exe","netutils.dll","DllMain"
FALSE,"net1.exe","netutils.dll","NetApiBufferAllocate"
FALSE,"net1.exe","samcli.dll","DllMain"
FALSE,"net1.exe","srvcli.dll","DllMain"
FALSE,"net1.exe","wkscli.dll","DllMain"
FALSE,"netbtugc.exe","dbgcore.DLL","DllMain"
FALSE,"netbtugc.exe","IPHLPAPI.DLL","DllMain"
FALSE,"netbtugc.exe","wdscore.dll","ConstructPartialMsgVA"
FALSE,"netbtugc.exe","wdscore.dll","CurrentIP"
FALSE,"netbtugc.exe","wdscore.dll","DllMain"
FALSE,"netbtugc.exe","wdscore.dll","WdsSetupLogDestroy"
FALSE,"netbtugc.exe","wdscore.dll","WdsSetupLogInit"
FALSE,"netbtugc.exe","wdscore.dll","WdsSetupLogMessageA"
FALSE,"nethost.exe","RASAPI32.dll","DllMain"
FALSE,"nethost.exe","RASAPI32.dll","RasConfigUserProxySettingsW"
FALSE,"nethost.exe","rasman.dll","DllMain"
FALSE,"nethost.exe","rtutils.dll","DllMain"
FALSE,"nethost.exe","rtutils.dll","TraceRegisterExA"
FALSE,"netiougc.exe","dbgcore.DLL","DllMain"
FALSE,"netiougc.exe","dhcpcsvc.DLL","DllMain"
FALSE,"netiougc.exe","IPHLPAPI.DLL","DllMain"
FALSE,"netiougc.exe","wdscore.dll","ConstructPartialMsgVA"
FALSE,"netiougc.exe","wdscore.dll","CurrentIP"
FALSE,"netiougc.exe","wdscore.dll","DllMain"
FALSE,"netiougc.exe","wdscore.dll","WdsSetupLogDestroy"
FALSE,"netiougc.exe","wdscore.dll","WdsSetupLogInit"
FALSE,"netiougc.exe","wdscore.dll","WdsSetupLogMessageA"
FALSE,"netsh.exe","adsldpc.dll","DllMain"
FALSE,"netsh.exe","AUTHFWCFG.DLL","DllMain"
FALSE,"netsh.exe","AUTHFWCFG.DLL","InitHelperDll"
FALSE,"netsh.exe","Cabinet.dll","DllMain"
FALSE,"netsh.exe","CRYPTBASE.DLL","DllMain"
FALSE,"netsh.exe","DHCPCMONITOR.DLL","DllMain"
FALSE,"netsh.exe","DHCPCMONITOR.DLL","InitHelperDll"
FALSE,"netsh.exe","dhcpcsvc.DLL","DllMain"
FALSE,"netsh.exe","dhcpcsvc6.DLL","DllMain"
FALSE,"netsh.exe","DNSAPI.dll","DllMain"
FALSE,"netsh.exe","dot3api.dll","DllMain"
FALSE,"netsh.exe","DOT3CFG.DLL","DllMain"
FALSE,"netsh.exe","DOT3CFG.DLL","InitHelperDll"
FALSE,"netsh.exe","eappcfg.dll","DllMain"
FALSE,"netsh.exe","eappprxy.dll","DllMain"
FALSE,"netsh.exe","FirewallAPI.dll","DllMain"
FALSE,"netsh.exe","FirewallAPI.dll","FwAlloc"
FALSE,"netsh.exe","FirewallAPI.dll","FwFree"
FALSE,"netsh.exe","fwbase.dll","DllMain"
FALSE,"netsh.exe","fwbase.dll","FwAlloc"
FALSE,"netsh.exe","fwbase.dll","FwBaseAlloc"
FALSE,"netsh.exe","fwbase.dll","FwBaseFree"
FALSE,"netsh.exe","fwbase.dll","FwCriticalSectionCreate"
FALSE,"netsh.exe","fwbase.dll","FwReportErrorAsWinError"
FALSE,"netsh.exe","FWCFG.DLL","DllMain"
FALSE,"netsh.exe","FWCFG.DLL","InitHelperDll"
FALSE,"netsh.exe","FWPolicyIOMgr.dll","DllMain"
FALSE,"netsh.exe","fwpuclnt.dll","DllMain"
FALSE,"netsh.exe","HNETMON.DLL","DllMain"
FALSE,"netsh.exe","HNETMON.DLL","InitHelperDll"
FALSE,"netsh.exe","HTTPAPI.dll","DllMain"
FALSE,"netsh.exe","HTTPAPI.dll","HttpInitialize"
FALSE,"netsh.exe","IFMON.DLL","DllMain"
FALSE,"netsh.exe","IFMON.DLL","InitHelperDll"
FALSE,"netsh.exe","IPHLPAPI.DLL","DllMain"
FALSE,"netsh.exe","IPHLPAPI.DLL","GetDefaultCompartmentId"
FALSE,"netsh.exe","ktmw32.dll","CreateTransaction"
FALSE,"netsh.exe","ktmw32.dll","DllMain"
FALSE,"netsh.exe","mintdh.dll","DllMain"
FALSE,"netsh.exe","mintdh.dll","TdhpSetWbemExtensionBlock"
FALSE,"netsh.exe","MobileNetworking.dll","DllMain"
FALSE,"netsh.exe","NDFAPI.DLL","DllMain"
FALSE,"netsh.exe","NETIOHLP.DLL","DllMain"
FALSE,"netsh.exe","NETIOHLP.DLL","InitHelperDll"
FALSE,"netsh.exe","netshell.dll","DllMain"
FALSE,"netsh.exe","NETTRACE.DLL","DllMain"
FALSE,"netsh.exe","NETTRACE.DLL","InitHelperDll"
FALSE,"netsh.exe","nlaapi.dll","DllMain"
FALSE,"netsh.exe","NSHHTTP.DLL","DllMain"
FALSE,"netsh.exe","NSHHTTP.DLL","InitHelperDll"
FALSE,"netsh.exe","NSHIPSEC.DLL","DllMain"
FALSE,"netsh.exe","NSHIPSEC.DLL","InitHelperDll"
FALSE,"netsh.exe","NSHWFP.DLL","DllMain"
FALSE,"netsh.exe","NSHWFP.DLL","InitHelperDll"
FALSE,"netsh.exe","OneX.DLL","DllMain"
FALSE,"netsh.exe","P2P.dll","DllMain"
FALSE,"netsh.exe","P2PNETSH.DLL","DllMain"
FALSE,"netsh.exe","P2PNETSH.DLL","InitHelperDll"
FALSE,"netsh.exe","PEERDISTSH.DLL","DllMain"
FALSE,"netsh.exe","PEERDISTSH.DLL","InitHelperDll"
FALSE,"netsh.exe","POLSTORE.DLL","DllMain"
FALSE,"netsh.exe","POLSTORE.DLL","IPSecOpenPolicyStore"
FALSE,"netsh.exe","RASAPI32.dll","DllMain"
FALSE,"netsh.exe","rasman.dll","DllMain"
FALSE,"netsh.exe","RASMONTR.DLL","DllMain"
FALSE,"netsh.exe","RASMONTR.DLL","InitHelperDll"
FALSE,"netsh.exe","RMCLIENT.dll","DllMain"
FALSE,"netsh.exe","RPCNSH.DLL","DllMain"
FALSE,"netsh.exe","RPCNSH.DLL","InitHelperDll"
FALSE,"netsh.exe","SLC.dll","DllMain"
FALSE,"netsh.exe","SLC.dll","SLRegisterWindowsEvent"
FALSE,"netsh.exe","sppc.dll","DllMain"
FALSE,"netsh.exe","sppc.dll","SLRegisterEvent"
FALSE,"netsh.exe","SspiCli.dll","DllMain"
FALSE,"netsh.exe","USERENV.dll","DllMain"
FALSE,"netsh.exe","USERENV.dll","RegisterGPNotification"
FALSE,"netsh.exe","wcmapi.dll","DllMain"
FALSE,"netsh.exe","WCNNETSH.DLL","DllMain"
FALSE,"netsh.exe","WCNNETSH.DLL","InitHelperDll"
FALSE,"netsh.exe","wdi.dll","DllMain"
FALSE,"netsh.exe","wevtapi.dll","DllMain"
FALSE,"netsh.exe","WHHELPER.DLL","DllMain"
FALSE,"netsh.exe","WHHELPER.DLL","InitHelperDll"
FALSE,"netsh.exe","WINHTTP.dll","DllMain"
FALSE,"netsh.exe","WINIPSEC.DLL","DllMain"
FALSE,"netsh.exe","WINNSI.DLL","DllMain"
FALSE,"netsh.exe","wlanapi.dll","DllMain"
FALSE,"netsh.exe","WLANCFG.DLL","DllMain"
FALSE,"netsh.exe","WLANCFG.DLL","InitHelperDll"
FALSE,"netsh.exe","WSHELPER.DLL","DllMain"
FALSE,"netsh.exe","WSHELPER.DLL","InitHelperDll"
FALSE,"netsh.exe","WWANCFG.DLL","DllMain"
FALSE,"netsh.exe","WWANCFG.DLL","InitHelperDll"
FALSE,"netsh.exe","wwapi.dll","DllMain"
FALSE,"netstat.exe","IPHLPAPI.DLL","DllMain"
FALSE,"netstat.exe","IPHLPAPI.DLL","InternalGetIfTable"
FALSE,"netstat.exe","IPHLPAPI.DLL","InternalGetTcpTable2"
FALSE,"netstat.exe","snmpapi.dll","DllMain"
FALSE,"netstat.exe","snmpapi.dll","SnmpTfxOpen"
FALSE,"ngciso.exe","iumbase.DLL","DllMain"
FALSE,"nltest.exe","logoncli.dll","DllMain"
FALSE,"nltest.exe","netutils.dll","DllMain"
FALSE,"nltest.exe","NTDSAPI.dll","DllMain"
FALSE,"nslookup.exe","DNSAPI.dll","DllMain"
FALSE,"nslookup.exe","DNSAPI.dll","DnsQueryConfigAllocEx"
FALSE,"omadmclient.exe","DEVOBJ.dll","DllMain"
FALSE,"omadmclient.exe","DMCfgUtils.dll","DllMain"
FALSE,"omadmclient.exe","DMCmnUtils.dll","DllMain"
FALSE,"omadmclient.exe","dmEnrollEngine.DLL","DllMain"
FALSE,"omadmclient.exe","dmenterprisediagnostics.dll","DllMain"
FALSE,"omadmclient.exe","dmiso8601utils.dll","DllMain"
FALSE,"omadmclient.exe","DMOleAutUtils.dll","DllMain"
FALSE,"omadmclient.exe","dmxmlhelputils.dll","DllMain"
FALSE,"omadmclient.exe","IPHLPAPI.DLL","DllMain"
FALSE,"omadmclient.exe","iri.dll","DllMain"
FALSE,"omadmclient.exe","omadmapi.dll","DllMain"
FALSE,"omadmclient.exe","omadmapi.dll","FreeCommandLineOptions"
FALSE,"omadmclient.exe","omadmapi.dll","OmaDmGetInternalAcctID"
FALSE,"omadmclient.exe","omadmapi.dll","ProcessCommandLine"
FALSE,"omadmclient.exe","policymanager.dll","DllMain"
FALSE,"omadmclient.exe","USERENV.dll","DllMain"
FALSE,"omadmclient.exe","XmlLite.dll","DllMain"
FALSE,"openfiles.exe","netutils.dll","DllMain"
FALSE,"openfiles.exe","srvcli.dll","DllMain"
FALSE,"openfiles.exe","SspiCli.dll","DllMain"
FALSE,"osk.exe","AUDIOSES.DLL","DllMain"
FALSE,"osk.exe","AVRT.dll","DllMain"
FALSE,"osk.exe","DEVOBJ.dll","DevObjCreateDeviceInfoList"
FALSE,"osk.exe","DEVOBJ.dll","DllMain"
FALSE,"osk.exe","dwmapi.dll","DllMain"
FALSE,"osk.exe","dwmapi.dll","DwmIsCompositionEnabled"
FALSE,"osk.exe","dwmapi.dll","DwmSetWindowAttribute"
FALSE,"osk.exe","ksuser.dll","DllMain"
FALSE,"osk.exe","midimap.dll","DllMain"
FALSE,"osk.exe","midimap.dll","DriverProc"
FALSE,"osk.exe","MMDevAPI.DLL","DllMain"
FALSE,"osk.exe","MSACM32.dll","acmGetVersion"
FALSE,"osk.exe","MSACM32.dll","DllMain"
FALSE,"osk.exe","OLEACC.dll","AccessibleObjectFromWindowTimeout"
FALSE,"osk.exe","OLEACC.dll","AccSetRunningUtilityState"
FALSE,"osk.exe","OLEACC.dll","DllMain"
FALSE,"osk.exe","OLEACC.dll","GetProcessHandleFromHwnd"
FALSE,"osk.exe","OskSupport.dll","DllMain"
FALSE,"osk.exe","OskSupport.dll","InitializeOSKSupport"
FALSE,"osk.exe","OskSupport.dll","UninitializeOSKSupport"
FALSE,"osk.exe","WindowsCodecs.dll","DllMain"
FALSE,"osk.exe","WindowsCodecs.dll","WICCreateImagingFactory_Proxy"
FALSE,"osk.exe","WMsgAPI.dll","DllMain"
FALSE,"pacjsworker.exe","WINHTTP.dll","DllMain"
FALSE,"packageinspector.exe","msi.dll","DllMain"
FALSE,"packageinspector.exe","SLC.dll","DllMain"
FALSE,"packageinspector.exe","SLC.dll","SLGetWindowsInformationDWORD"
FALSE,"packageinspector.exe","sppc.dll","DllMain"
FALSE,"packageinspector.exe","wevtapi.dll","DllMain"
FALSE,"pathping.exe","IPHLPAPI.DLL","DllMain"
FALSE,"pcalua.exe","pcaui.dll","DllMain"
FALSE,"pcalua.exe","wer.dll","DllMain"
FALSE,"pinenrollmentbroker.exe","PROPSYS.dll","DllMain"
FALSE,"pinenrollmentbroker.exe","SspiCli.dll","DllMain"
FALSE,"pktmon.exe","mintdh.dll","DllMain"
FALSE,"pktmon.exe","mintdh.dll","TdhpSetWbemExtensionBlock"
FALSE,"plasrv.exe","Cabinet.dll","DllMain"
FALSE,"plasrv.exe","mintdh.dll","DllMain"
FALSE,"plasrv.exe","mintdh.dll","TdhpSetWbemExtensionBlock"
FALSE,"plasrv.exe","pdh.dll","DllMain"
FALSE,"plasrv.exe","tdh.dll","DllMain"
FALSE,"plasrv.exe","wevtapi.dll","DllMain"
FALSE,"pnpunattend.exe","dbgcore.DLL","DllMain"
FALSE,"pnpunattend.exe","DEVRTL.dll","DllMain"
FALSE,"pnpunattend.exe","newdev.dll","DllMain"
FALSE,"pnpunattend.exe","wdscore.dll","ConstructPartialMsgVW"
FALSE,"pnpunattend.exe","wdscore.dll","CurrentIP"
FALSE,"pnpunattend.exe","wdscore.dll","DllMain"
FALSE,"pnpunattend.exe","wdscore.dll","WdsSetupLogDestroy"
FALSE,"pnpunattend.exe","wdscore.dll","WdsSetupLogInit"
FALSE,"pnpunattend.exe","wdscore.dll","WdsSetupLogMessageW"
FALSE,"presentationhost.exe","CRYPTBASE.DLL","DllMain"
FALSE,"presentationhost.exe","mscoree.dll","CorExitProcess"
FALSE,"presentationhost.exe","mscoree.dll","DllMain"
FALSE,"presentationhost.exe","WININET.dll","DllMain"
FALSE,"presentationsettings.exe","SspiCli.dll","DllMain"
FALSE,"presentationsettings.exe","SspiCli.dll","GetUserNameExW"
FALSE,"printbrmui.exe","IPHLPAPI.DLL","DllMain"
FALSE,"printbrmui.exe","PROPSYS.dll","DllMain"
FALSE,"psr.exe","AEPIC.dll","DllMain"
FALSE,"psr.exe","CLDAPI.dll","CfGetPlaceholderStateFromAttributeTag"
FALSE,"psr.exe","CLDAPI.dll","DllMain"
FALSE,"psr.exe","FLTLIB.DLL","DllMain"
FALSE,"psr.exe","HID.DLL","DllMain"
FALSE,"psr.exe","msdrm.dll","DllMain"
FALSE,"psr.exe","OLEACC.dll","DllMain"
FALSE,"psr.exe","SspiCli.dll","DllMain"
FALSE,"psr.exe","SspiCli.dll","GetUserNameExW"
FALSE,"psr.exe","uireng.dll","DllMain"
FALSE,"psr.exe","uireng.dll","UirInitializeEngine"
FALSE,"psr.exe","XmlLite.dll","DllMain"
FALSE,"query.exe","logoncli.dll","DllMain"
FALSE,"query.exe","netutils.dll","DllMain"
FALSE,"query.exe","REGAPI.dll","DllMain"
FALSE,"query.exe","REGAPI.dll","RegQueryUtilityCommandList"
FALSE,"query.exe","samcli.dll","DllMain"
FALSE,"query.exe","srvcli.dll","DllMain"
FALSE,"query.exe","utildll.dll","DllMain"
FALSE,"query.exe","WINSTA.dll","DllMain"
FALSE,"quickassist.exe","ATL.DLL","AtlComPtrAssign"
FALSE,"quickassist.exe","ATL.DLL","DllMain"
FALSE,"quickassist.exe","CRYPTBASE.DLL","DllMain"
FALSE,"quickassist.exe","CRYPTBASE.DLL","SystemFunction036"
FALSE,"quickassist.exe","d2d1.dll","DllMain"
FALSE,"quickassist.exe","d3d11.dll","DllMain"
FALSE,"quickassist.exe","dcomp.dll","DllMain"
FALSE,"quickassist.exe","dxgi.dll","DllMain"
FALSE,"quickassist.exe","PROPSYS.dll","DllMain"
FALSE,"quickassist.exe","PROPSYS.dll","VariantToStringWithDefault"
FALSE,"quickassist.exe","SAS.dll","DllMain"
FALSE,"quickassist.exe","SspiCli.dll","AcquireCredentialsHandleA"
FALSE,"quickassist.exe","SspiCli.dll","DllMain"
FALSE,"quickassist.exe","SspiCli.dll","GetUserNameExA"
FALSE,"quickassist.exe","SspiCli.dll","GetUserNameExW"
FALSE,"quickassist.exe","SspiCli.dll","InitializeSecurityContextA"
FALSE,"quickassist.exe","SspiCli.dll","QueryContextAttributesExA"
FALSE,"quickassist.exe","UxTheme.dll","DllMain"
FALSE,"quickassist.exe","UxTheme.dll","SetWindowThemeAttribute"
FALSE,"quickassist.exe","WindowsCodecs.dll","DllMain"
FALSE,"quickassist.exe","WININET.dll","AppCacheGetGroupList"
FALSE,"quickassist.exe","WININET.dll","DllMain"
FALSE,"quickassist.exe","WININET.dll","InternetInitializeAutoProxyDll"
FALSE,"quickassist.exe","WININET.dll","InternetOpenW"
FALSE,"quickassist.exe","WININET.dll","InternetSetOptionW"
FALSE,"quser.exe","logoncli.dll","DllMain"
FALSE,"quser.exe","netutils.dll","DllMain"
FALSE,"quser.exe","samcli.dll","DllMain"
FALSE,"quser.exe","srvcli.dll","DllMain"
FALSE,"quser.exe","UTILDLL.dll","DllMain"
FALSE,"quser.exe","UTILDLL.dll","StrConnectState"
FALSE,"quser.exe","WINSTA.dll","DllMain"
FALSE,"quser.exe","WINSTA.dll","WinStationEnumerateW"
FALSE,"qwinsta.exe","logoncli.dll","DllMain"
FALSE,"qwinsta.exe","netutils.dll","DllMain"
FALSE,"qwinsta.exe","samcli.dll","DllMain"
FALSE,"qwinsta.exe","srvcli.dll","DllMain"
FALSE,"qwinsta.exe","UTILDLL.dll","DllMain"
FALSE,"qwinsta.exe","UTILDLL.dll","StrConnectState"
FALSE,"qwinsta.exe","WINSTA.dll","DllMain"
FALSE,"qwinsta.exe","WINSTA.dll","WinStationEnumerateW"
FALSE,"rasautou.exe","MPRAPI.dll","DllMain"
FALSE,"rasautou.exe","rasman.dll","DllMain"
FALSE,"rasautou.exe","rtutils.dll","DllMain"
FALSE,"rasdial.exe","RASAPI32.dll","DllMain"
FALSE,"rasdial.exe","RASAPI32.dll","RasCompleteDialMachineCleanup"
FALSE,"rasdial.exe","RASAPI32.dll","RasEnumConnectionsW"
FALSE,"rasdial.exe","rasman.dll","DllMain"
FALSE,"rasdial.exe","rasman.dll","RasConnectionEnum"
FALSE,"rasdial.exe","rasman.dll","RasInitialize"
FALSE,"rasdial.exe","rtutils.dll","DllMain"
FALSE,"rasdial.exe","rtutils.dll","TracePrintfExA"
FALSE,"rasdial.exe","rtutils.dll","TraceRegisterExA"
FALSE,"raserver.exe","netutils.dll","DllMain"
FALSE,"raserver.exe","samcli.dll","DllMain"
FALSE,"raserver.exe","WTSAPI32.dll","DllMain"
FALSE,"rdpclip.exe","CRYPTBASE.DLL","DllMain"
FALSE,"rdpclip.exe","DEVOBJ.dll","DevObjCreateDeviceInfoList"
FALSE,"rdpclip.exe","DEVOBJ.dll","DevObjDestroyDeviceInfoList"
FALSE,"rdpclip.exe","DEVOBJ.dll","DevObjEnumDeviceInfo"
FALSE,"rdpclip.exe","DEVOBJ.dll","DevObjEnumDeviceInterfaces"
FALSE,"rdpclip.exe","DEVOBJ.dll","DevObjGetClassDevs"
FALSE,"rdpclip.exe","DEVOBJ.dll","DevObjGetDeviceInfoListDetail"
FALSE,"rdpclip.exe","DEVOBJ.dll","DevObjGetDeviceInterfaceDetail"
FALSE,"rdpclip.exe","DEVOBJ.dll","DllMain"
FALSE,"rdpclip.exe","dwmapi.dll","DllMain"
FALSE,"rdpclip.exe","IPHLPAPI.DLL","DllMain"
FALSE,"rdpclip.exe","PROPSYS.dll","DllMain"
FALSE,"rdpclip.exe","srpapi.dll","DllMain"
FALSE,"rdpclip.exe","WINSTA.dll","DllMain"
FALSE,"rdpclip.exe","WINSTA.dll","WinStationNameFromLogonIdW"
FALSE,"rdpclip.exe","WINSTA.dll","WinStationQueryInformationW"
FALSE,"rdpclip.exe","WINSTA.dll","WinStationRegisterConsoleNotification"
FALSE,"rdpclip.exe","WINSTA.dll","WinStationVirtualOpenEx"
FALSE,"rdpclip.exe","WTSAPI32.dll","DllMain"
FALSE,"rdpclip.exe","WTSAPI32.dll","WTSQuerySessionInformationW"
FALSE,"rdpclip.exe","WTSAPI32.dll","WTSRegisterSessionNotification"
FALSE,"rdpclip.exe","WTSAPI32.dll","WTSVirtualChannelOpen"
FALSE,"rdpclip.exe","WTSAPI32.dll","WTSVirtualChannelOpenEx"
FALSE,"rdpsa.exe","SspiCli.dll","DllMain"
FALSE,"rdpsa.exe","WINSTA.dll","DllMain"
FALSE,"rdpsauachelper.exe","WINSTA.dll","DllMain"
FALSE,"rdpsauachelper.exe","WINSTA.dll","WinStationGetAllProcesses"
FALSE,"rdpshell.exe","dwmapi.dll","DllMain"
FALSE,"rdpshell.exe","WINSTA.dll","DllMain"
FALSE,"rdpshell.exe","WINSTA.dll","WinStationGetConnectionProperty"
FALSE,"rdpshell.exe","WTSAPI32.dll","DllMain"
FALSE,"rdvghelper.exe","dwmapi.dll","DllMain"
FALSE,"rdvghelper.exe","WINSTA.dll","DllMain"
FALSE,"rdvghelper.exe","WINSTA.dll","WinStationRegisterConsoleNotification"
FALSE,"rdvghelper.exe","WTSAPI32.dll","DllMain"
FALSE,"rdvghelper.exe","WTSAPI32.dll","WTSRegisterSessionNotification"
FALSE,"reagentc.exe","Cabinet.dll","DllMain"
FALSE,"reagentc.exe","ReAgent.dll","DllMain"
FALSE,"reagentc.exe","ReAgent.dll","WinReGetError"
FALSE,"reagentc.exe","ReAgent.dll","WinReSetError"
FALSE,"recover.exe","DEVOBJ.dll","DllMain"
FALSE,"register-cimprovider.exe","miutils.dll","DllMain"
FALSE,"register-cimprovider.exe","prvdmofcomp.dll","CreateRegisterParameter"
FALSE,"register-cimprovider.exe","prvdmofcomp.dll","DllMain"
FALSE,"rekeywiz.exe","credui.dll","DllMain"
FALSE,"rekeywiz.exe","CRYPTBASE.DLL","DllMain"
FALSE,"rekeywiz.exe","CRYPTUI.dll","DllMain"
FALSE,"rekeywiz.exe","DSROLE.dll","DllMain"
FALSE,"rekeywiz.exe","DSROLE.dll","DsRoleGetPrimaryDomainInformation"
FALSE,"rekeywiz.exe","duser.dll","DllMain"
FALSE,"rekeywiz.exe","EFSADU.dll","DllMain"
FALSE,"rekeywiz.exe","EFSUTIL.dll","DllMain"
FALSE,"rekeywiz.exe","EFSUTIL.dll","EfsUtilApplyGroupPolicy"
FALSE,"rekeywiz.exe","FeClient.dll","DllMain"
FALSE,"rekeywiz.exe","logoncli.dll","DllMain"
FALSE,"rekeywiz.exe","netutils.dll","DllMain"
FALSE,"rekeywiz.exe","USERENV.dll","DllMain"
FALSE,"rekeywiz.exe","VAULTCLI.dll","DllMain"
FALSE,"relog.exe","pdh.dll","DllMain"
FALSE,"relpost.exe","Cabinet.dll","DllMain"
FALSE,"relpost.exe","ReAgent.dll","DllMain"
FALSE,"relpost.exe","wer.dll","DllMain"
FALSE,"repair-bde.exe","BDEREPAIR.dll","DllMain"
FALSE,"reset.exe","logoncli.dll","DllMain"
FALSE,"reset.exe","netutils.dll","DllMain"
FALSE,"reset.exe","REGAPI.dll","DllMain"
FALSE,"reset.exe","REGAPI.dll","RegQueryUtilityCommandList"
FALSE,"reset.exe","samcli.dll","DllMain"
FALSE,"reset.exe","srvcli.dll","DllMain"
FALSE,"reset.exe","utildll.dll","DllMain"
FALSE,"reset.exe","WINSTA.dll","DllMain"
FALSE,"resetengine.exe","bcd.dll","DllMain"
FALSE,"resetengine.exe","Cabinet.dll","DllMain"
FALSE,"resetengine.exe","DismApi.DLL","DllMain"
FALSE,"resetengine.exe","FVEAPI.dll","DllMain"
FALSE,"resetengine.exe","ReAgent.dll","DllMain"
FALSE,"resetengine.exe","ResetEngine.dll","DllMain"
FALSE,"resetengine.exe","tbs.dll","DllMain"
FALSE,"resetengine.exe","VSSAPI.DLL","DllMain"
FALSE,"resetengine.exe","VssTrace.DLL","DllMain"
FALSE,"resetengine.exe","WDSCORE.dll","DllMain"
FALSE,"resetengine.exe","WIMGAPI.DLL","DllMain"
FALSE,"resetengine.exe","WINHTTP.dll","DllMain"
FALSE,"resetengine.exe","WOFUTIL.dll","DllMain"
FALSE,"resetengine.exe","XmlLite.dll","DllMain"
FALSE,"resmon.exe","CLDAPI.dll","CfGetPlaceholderStateFromAttributeTag"
FALSE,"resmon.exe","CLDAPI.dll","DllMain"
FALSE,"resmon.exe","CRYPTBASE.DLL","DllMain"
FALSE,"resmon.exe","edputil.dll","DllMain"
FALSE,"resmon.exe","edputil.dll","EdpGetIsManaged"
FALSE,"resmon.exe","FLTLIB.DLL","DllMain"
FALSE,"resmon.exe","PROPSYS.dll","DllMain"
FALSE,"resmon.exe","PROPSYS.dll","PSCreateMemoryPropertyStore"
FALSE,"resmon.exe","PROPSYS.dll","PSPropertyBag_WriteDWORD"
FALSE,"rmactivate_isv.exe","msdrm.dll","__AddMachineCertToLicenseStore"
FALSE,"rmactivate_isv.exe","msdrm.dll","DllMain"
FALSE,"rmactivate_ssp_isv.exe","CRYPTBASE.dll","DllMain"
FALSE,"rmactivate_ssp_isv.exe","CRYPTBASE.dll","SystemFunction036"
FALSE,"rmactivate.exe","CRYPTBASE.dll","DllMain"
FALSE,"rmactivate.exe","CRYPTBASE.dll","SystemFunction036"
FALSE,"rmactivate.exe","msdrm.dll","__AddMachineCertToLicenseStore"
FALSE,"rmactivate.exe","msdrm.dll","DllMain"
FALSE,"rmttpmvscmgrsvr.exe","DEVOBJ.dll","DllMain"
FALSE,"route.exe","IPHLPAPI.DLL","DllMain"
FALSE,"rpcping.exe","credui.dll","DllMain"
FALSE,"rpcping.exe","SspiCli.dll","DllMain"
FALSE,"rpcping.exe","WINHTTP.dll","DllMain"
FALSE,"rwinsta.exe","logoncli.dll","DllMain"
FALSE,"rwinsta.exe","netutils.dll","DllMain"
FALSE,"rwinsta.exe","samcli.dll","DllMain"
FALSE,"rwinsta.exe","srvcli.dll","DllMain"
FALSE,"rwinsta.exe","utildll.dll","DllMain"
FALSE,"rwinsta.exe","WINSTA.dll","DllMain"
FALSE,"searchfilterhost.exe","TQUERY.DLL","DllMain"
FALSE,"secedit.exe","SCECLI.dll","DllMain"
FALSE,"securityhealthservice.exe","DNSAPI.dll","DllMain"
FALSE,"securityhealthservice.exe","FirewallAPI.dll","DllMain"
FALSE,"securityhealthservice.exe","fwbase.dll","DllMain"
FALSE,"securityhealthservice.exe","fwbase.dll","FwCriticalSectionCreate"
FALSE,"securityhealthservice.exe","fwbase.dll","FwCriticalSectionDestroy"
FALSE,"securityhealthservice.exe","USERENV.dll","DllMain"
FALSE,"securityhealthservice.exe","Wldp.dll","DllMain"
FALSE,"securityhealthservice.exe","WTSAPI32.dll","DllMain"
FALSE,"settingsynchost.exe","policymanager.dll","DllMain"
FALSE,"settingsynchost.exe","PROPSYS.dll","DllMain"
FALSE,"settingsynchost.exe","USERENV.dll","DllMain"
FALSE,"setupugc.exe","dbgcore.DLL","DllMain"
FALSE,"setupugc.exe","DNSAPI.dll","DllMain"
FALSE,"setupugc.exe","WDSCORE.dll","ConstructPartialMsgVW"
FALSE,"setupugc.exe","WDSCORE.dll","CurrentIP"
FALSE,"setupugc.exe","WDSCORE.dll","DllMain"
FALSE,"setupugc.exe","WDSCORE.dll","WdsSetupLogDestroy"
FALSE,"setupugc.exe","WDSCORE.dll","WdsSetupLogInit"
FALSE,"setupugc.exe","WDSCORE.dll","WdsSetupLogMessageW"
FALSE,"shutdown.exe","SspiCli.dll","DllMain"
FALSE,"slidetoshutdown.exe","d3d10warp.dll","DllMain"
FALSE,"slidetoshutdown.exe","d3d10warp.dll","OpenAdapter10_2"
FALSE,"slui.exe","CLDAPI.dll","CfGetPlaceholderStateFromAttributeTag"
FALSE,"slui.exe","CLDAPI.dll","DllMain"
FALSE,"slui.exe","CRYPTBASE.DLL","DllMain"
FALSE,"slui.exe","edputil.dll","DllMain"
FALSE,"slui.exe","edputil.dll","EdpGetIsManaged"
FALSE,"slui.exe","FLTLIB.DLL","DllMain"
FALSE,"slui.exe","PROPSYS.dll","DllMain"
FALSE,"slui.exe","PROPSYS.dll","PSCreateMemoryPropertyStore"
FALSE,"slui.exe","PROPSYS.dll","PSPropertyBag_WriteDWORD"
FALSE,"slui.exe","sppc.dll","DllMain"
FALSE,"slui.exe","WINBRAND.dll","DllMain"
FALSE,"slui.exe","WTSAPI32.dll","DllMain"
FALSE,"spaceagent.exe","NETUTILS.DLL","DllMain"
FALSE,"spaceagent.exe","SRVCLI.DLL","DllMain"
FALSE,"spectrum.exe","SpectrumSyncClient.dll","DllMain"
FALSE,"spoolsv.exe","DNSAPI.dll","DllMain"
FALSE,"sppextcomobj.exe","adsldpc.dll","DllMain"
FALSE,"sppextcomobj.exe","CRYPTBASE.dll","DllMain"
FALSE,"sppextcomobj.exe","CRYPTBASE.dll","SystemFunction036"
FALSE,"sppextcomobj.exe","DNSAPI.dll","DllMain"
FALSE,"sppsvc.exe","CRYPTXML.dll","DllMain"
FALSE,"sppsvc.exe","webservices.dll","DllMain"
FALSE,"sppsvc.exe","XmlLite.dll","DllMain"
FALSE,"srtasks.exe","bcd.dll","DllMain"
FALSE,"srtasks.exe","ktmw32.dll","DllMain"
FALSE,"srtasks.exe","SPP.dll","DllMain"
FALSE,"srtasks.exe","SRCLIENT.dll","DllMain"
FALSE,"srtasks.exe","SRCORE.dll","DllMain"
FALSE,"srtasks.exe","VSSAPI.DLL","DllMain"
FALSE,"srtasks.exe","VssTrace.DLL","DllMain"
FALSE,"srtasks.exe","wer.dll","DllMain"
FALSE,"stordiag.exe","CRYPTBASE.dll","DllMain"
FALSE,"stordiag.exe","CRYPTBASE.dll","SystemFunction036"
FALSE,"synchost.exe","PROPSYS.dll","DllMain"
FALSE,"sysreseterr.exe","WDSCORE.dll","DllMain"
FALSE,"systeminfo.exe","SspiCli.dll","DllMain"
FALSE,"tabcal.exe","DEVOBJ.dll","DevObjCreateDeviceInfoList"
FALSE,"tabcal.exe","DEVOBJ.dll","DevObjDestroyDeviceInfoList"
FALSE,"tabcal.exe","DEVOBJ.dll","DevObjEnumDeviceInfo"
FALSE,"tabcal.exe","DEVOBJ.dll","DevObjEnumDeviceInterfaces"
FALSE,"tabcal.exe","DEVOBJ.dll","DevObjGetClassDevs"
FALSE,"tabcal.exe","DEVOBJ.dll","DevObjGetDeviceInfoListDetail"
FALSE,"tabcal.exe","DEVOBJ.dll","DevObjGetDeviceInterfaceDetail"
FALSE,"tabcal.exe","DEVOBJ.dll","DllMain"
FALSE,"tabcal.exe","HID.DLL","DllMain"
FALSE,"tabcal.exe","HID.DLL","HidD_GetHidGuid"
FALSE,"tabcal.exe","NInput.dll","DllMain"
FALSE,"takeown.exe","SspiCli.dll","DllMain"
FALSE,"tapiunattend.exe","WDSCORE.dll","ConstructPartialMsgVW"
FALSE,"tapiunattend.exe","WDSCORE.dll","CurrentIP"
FALSE,"tapiunattend.exe","WDSCORE.dll","DllMain"
FALSE,"tapiunattend.exe","WDSCORE.dll","WdsSetupLogMessageW"
FALSE,"tar.exe","archiveint.dll","archive_match_new"
FALSE,"tar.exe","archiveint.dll","DllMain"
FALSE,"taskkill.exe","dbghelp.dll","DllMain"
FALSE,"taskkill.exe","netutils.dll","DllMain"
FALSE,"taskkill.exe","srvcli.dll","DllMain"
FALSE,"taskkill.exe","SspiCli.dll","DllMain"
FALSE,"tasklist.exe","dbghelp.dll","DllMain"
FALSE,"tasklist.exe","netutils.dll","DllMain"
FALSE,"tasklist.exe","srvcli.dll","DllMain"
FALSE,"tasklist.exe","SspiCli.dll","DllMain"
FALSE,"tieringengineservice.exe","CLUSAPI.dll","DllMain"
FALSE,"tieringengineservice.exe","DNSAPI.dll","DllMain"
FALSE,"tieringengineservice.exe","ESENT.dll","DllMain"
FALSE,"tracert.exe","IPHLPAPI.DLL","DllMain"
FALSE,"tscon.exe","logoncli.dll","DllMain"
FALSE,"tscon.exe","netutils.dll","DllMain"
FALSE,"tscon.exe","samcli.dll","DllMain"
FALSE,"tscon.exe","srvcli.dll","DllMain"
FALSE,"tscon.exe","utildll.dll","DllMain"
FALSE,"tscon.exe","WINSTA.dll","DllMain"
FALSE,"tsdiscon.exe","WINSTA.dll","DllMain"
FALSE,"tsdiscon.exe","WINSTA.dll","WinStationNameFromLogonIdW"
FALSE,"tskill.exe","logoncli.dll","DllMain"
FALSE,"tskill.exe","netutils.dll","DllMain"
FALSE,"tskill.exe","samcli.dll","DllMain"
FALSE,"tskill.exe","srvcli.dll","DllMain"
FALSE,"tskill.exe","utildll.dll","DllMain"
FALSE,"tskill.exe","WINSTA.dll","DllMain"
FALSE,"tttracer.exe","TTDRecord.dll","DllMain"
FALSE,"tttracer.exe","USERENV.dll","DllMain"
FALSE,"typeperf.exe","pdh.dll","DllMain"
FALSE,"tzsync.exe","CRYPTBASE.dll","DllMain"
FALSE,"tzsync.exe","CRYPTBASE.dll","SystemFunction036"
FALSE,"uevappmonitor.exe","CRYPTBASE.dll","DllMain"
FALSE,"uevappmonitor.exe","CRYPTBASE.dll","SystemFunction036"
FALSE,"unlodctr.exe","loadperf.dll","DllMain"
FALSE,"upfc.exe","XmlLite.dll","DllMain"
FALSE,"upgraderesultsui.exe","DMCmnUtils.dll","DllMain"
FALSE,"useraccountcontrolsettings.exe","CRYPTBASE.dll","DllMain"
FALSE,"useraccountcontrolsettings.exe","CRYPTBASE.dll","SystemFunction036"
FALSE,"usocoreworker.exe","Cabinet.dll","DllMain"
FALSE,"usocoreworker.exe","DMCmnUtils.dll","DllMain"
FALSE,"usocoreworker.exe","dmiso8601utils.dll","DllMain"
FALSE,"usocoreworker.exe","DMOleAutUtils.dll","DllMain"
FALSE,"usocoreworker.exe","iri.dll","DllMain"
FALSE,"usocoreworker.exe","omadmapi.dll","DllMain"
FALSE,"usocoreworker.exe","UpdatePolicy.dll","DllMain"
FALSE,"usocoreworker.exe","XmlLite.dll","DllMain"
FALSE,"utcdecoderhost.exe","USERENV.dll","DllMain"
FALSE,"utilman.exe","OLEACC.dll","DllMain"
FALSE,"vaultcmd.exe","VAULTCLI.dll","DllMain"
FALSE,"vds.exe","ATL.DLL","AtlModuleInit"
FALSE,"vds.exe","ATL.DLL","AtlModuleTerm"
FALSE,"vds.exe","ATL.DLL","DllMain"
FALSE,"vds.exe","bcd.dll","DllMain"
FALSE,"vds.exe","OSUNINST.dll","DllMain"
FALSE,"vdsldr.exe","ATL.DLL","AtlModuleInit"
FALSE,"vdsldr.exe","ATL.DLL","AtlModuleRegisterClassObjects"
FALSE,"vdsldr.exe","ATL.DLL","DllMain"
FALSE,"vdsldr.exe","bcd.dll","DllMain"
FALSE,"vssadmin.exe","ATL.DLL","DllMain"
FALSE,"vssadmin.exe","VSSAPI.DLL","DllMain"
FALSE,"vssadmin.exe","VssTrace.DLL","DllMain"
FALSE,"vssadmin.exe","VssTrace.DLL","VssGetTracingContextPerThread"
FALSE,"vssadmin.exe","VssTrace.DLL","VssIsTracingEnabled"
FALSE,"vssadmin.exe","VssTrace.DLL","VssSetTracingContextPerThread"
FALSE,"vssadmin.exe","VssTrace.DLL","VssTraceInitialize"
FALSE,"vssadmin.exe","VssTrace.DLL","VssTraceUninitialize"
FALSE,"vssvc.exe","AUTHZ.dll","DllMain"
FALSE,"vssvc.exe","bcd.dll","DllMain"
FALSE,"vssvc.exe","DEVOBJ.dll","DllMain"
FALSE,"vssvc.exe","FLTLIB.DLL","DllMain"
FALSE,"vssvc.exe","VirtDisk.dll","DllMain"
FALSE,"vssvc.exe","VSSAPI.DLL","DllMain"
FALSE,"vssvc.exe","VssTrace.DLL","DllMain"
FALSE,"vssvc.exe","VssTrace.DLL","VssGetTracingContextPerThread"
FALSE,"vssvc.exe","VssTrace.DLL","VssIsTracingEnabled"
FALSE,"vssvc.exe","VssTrace.DLL","VssSetTracingContextPerThread"
FALSE,"vssvc.exe","VssTrace.DLL","VssTraceInitialize"
FALSE,"vssvc.exe","VssTrace.DLL","VssTraceUninitialize"
FALSE,"w32tm.exe","IPHLPAPI.DLL","DllMain"
FALSE,"w32tm.exe","logoncli.dll","DllMain"
FALSE,"w32tm.exe","netutils.dll","DllMain"
FALSE,"w32tm.exe","NTDSAPI.dll","DllMain"
FALSE,"waitfor.exe","netutils.dll","DllMain"
FALSE,"waitfor.exe","srvcli.dll","DllMain"
FALSE,"waitfor.exe","SspiCli.dll","DllMain"
FALSE,"wbadmin.exe","credui.dll","DllMain"
FALSE,"wbengine.exe","bcd.dll","DllMain"
FALSE,"wbengine.exe","CLUSAPI.dll","DllMain"
FALSE,"wbengine.exe","DNSAPI.dll","DllMain"
FALSE,"wbengine.exe","FLTLIB.DLL","DllMain"
FALSE,"wbengine.exe","NETUTILS.DLL","DllMain"
FALSE,"wbengine.exe","SPP.dll","DllMain"
FALSE,"wbengine.exe","SRVCLI.DLL","DllMain"
FALSE,"wbengine.exe","VirtDisk.dll","DllMain"
FALSE,"wbengine.exe","VSSAPI.DLL","DllMain"
FALSE,"wbengine.exe","VssTrace.DLL","DllMain"
FALSE,"wbengine.exe","wer.dll","DllMain"
FALSE,"wbengine.exe","XmlLite.dll","DllMain"
FALSE,"wecutil.exe","WecApi.dll","DllMain"
FALSE,"wecutil.exe","wevtapi.dll","DllMain"
FALSE,"werfault.exe","dbgcore.DLL","DllMain"
FALSE,"werfault.exe","faultrep.dll","DllMain"
FALSE,"werfault.exe","wer.dll","DllMain"
FALSE,"werfault.exe","wer.dll","WerpSetExitListeners"
FALSE,"werfaultsecure.exe","dbgcore.DLL","DllMain"
FALSE,"werfaultsecure.exe","faultrep.dll","DllMain"
FALSE,"werfaultsecure.exe","wer.dll","DllMain"
FALSE,"werfaultsecure.exe","wer.dll","WerpSetExitListeners"
FALSE,"wermgr.exe","wer.dll","DllMain"
FALSE,"wermgr.exe","wer.dll","WerpSetExitListeners"
FALSE,"wextract.exe","Cabinet.dll","DllMain"
FALSE,"wfs.exe","ATL.DLL","DllMain"
FALSE,"wfs.exe","credui.dll","DllMain"
FALSE,"wfs.exe","IPHLPAPI.DLL","DllMain"
FALSE,"wfs.exe","PROPSYS.dll","DllMain"
FALSE,"wfs.exe","UxTheme.dll","DllMain"
FALSE,"whoami.exe","AUTHZ.dll","DllMain"
FALSE,"whoami.exe","netutils.dll","DllMain"
FALSE,"whoami.exe","SspiCli.dll","DllMain"
FALSE,"whoami.exe","wkscli.dll","DllMain"
FALSE,"wiaacmgr.exe","ScanSetting.DLL","DllMain"
FALSE,"wiaacmgr.exe","UxTheme.dll","DllMain"
FALSE,"wiawow64.exe","ScanSetting.DLL","DllMain"
FALSE,"wiawow64.exe","UxTheme.dll","DllMain"
FALSE,"wifitask.exe","HTTPAPI.dll","DllMain"
FALSE,"wifitask.exe","IPHLPAPI.DLL","DllMain"
FALSE,"wifitask.exe","webservices.dll","DllMain"
FALSE,"wifitask.exe","wlanapi.dll","DllMain"
FALSE,"wimserv.exe","Cabinet.dll","DllMain"
FALSE,"winlogon.exe","UXINIT.dll","DllMain"
FALSE,"winlogon.exe","UXINIT.dll","ThemesOnTerminateSession"
FALSE,"winrs.exe","DSROLE.dll","DllMain"
FALSE,"winrs.exe","mi.dll","DllMain"
FALSE,"winrs.exe","miutils.dll","DllMain"
FALSE,"wkspbroker.exe","credui.dll","DllMain"
FALSE,"wkspbroker.exe","DNSAPI.dll","DllMain"
FALSE,"wkspbroker.exe","ktmw32.dll","DllMain"
FALSE,"wkspbroker.exe","PROPSYS.dll","DllMain"
FALSE,"wkspbroker.exe","RADCUI.dll","DllMain"
FALSE,"wkspbroker.exe","SspiCli.dll","DllMain"
FALSE,"wkspbroker.exe","tsworkspace.dll","DllMain"
FALSE,"wkspbroker.exe","WINHTTP.dll","DllMain"
FALSE,"wkspbroker.exe","WININET.dll","DllMain"
FALSE,"wksprt.exe","webservices.dll","DllMain"
FALSE,"wksprt.exe","WININET.dll","DllMain"
FALSE,"wlrmdr.exe","SspiCli.dll","DllMain"
FALSE,"wmpdmc.exe","dwmapi.dll","DllMain"
FALSE,"wmpdmc.exe","OLEACC.dll","DllMain"
FALSE,"wmpdmc.exe","UxTheme.dll","DllMain"
FALSE,"wmpdmc.exe","WindowsCodecs.dll","DllMain"
FALSE,"wmpdmc.exe","wmpdui.dll","DllMain"
FALSE,"workfolders.exe","CLDAPI.dll","CfGetPlaceholderStateFromAttributeTag"
FALSE,"workfolders.exe","CLDAPI.dll","DllMain"
FALSE,"workfolders.exe","CRYPTBASE.DLL","DllMain"
FALSE,"workfolders.exe","DEVOBJ.dll","DllMain"
FALSE,"workfolders.exe","dmEnrollEngine.DLL","DllMain"
FALSE,"workfolders.exe","edputil.dll","DllMain"
FALSE,"workfolders.exe","edputil.dll","EdpGetIsManaged"
FALSE,"workfolders.exe","FLTLIB.DLL","DllMain"
FALSE,"workfolders.exe","policymanager.dll","DllMain"
FALSE,"workfolders.exe","PROPSYS.dll","DllMain"
FALSE,"workfolders.exe","PROPSYS.dll","PSCreateMemoryPropertyStore"
FALSE,"workfolders.exe","PROPSYS.dll","PSPropertyBag_WriteDWORD"
FALSE,"workfolders.exe","USERENV.dll","DllMain"
FALSE,"workfolders.exe","USERENV.dll","GetProfileType"
FALSE,"wowreg32.exe","devrtl.DLL","DllMain"
FALSE,"wpcmon.exe","samcli.dll","DllMain"
FALSE,"wpcmon.exe","USERENV.dll","DllMain"
FALSE,"wpnpinst.exe","Cabinet.dll","DllMain"
FALSE,"wpnpinst.exe","IPHLPAPI.DLL","DllMain"
FALSE,"wpnpinst.exe","PROPSYS.dll","DllMain"
FALSE,"wpr.exe","WindowsPerformanceRecorderControl.dll","DllMain"
FALSE,"write.exe","CLDAPI.dll","CfGetPlaceholderStateFromAttributeTag"
FALSE,"write.exe","CLDAPI.dll","DllMain"
FALSE,"write.exe","CRYPTBASE.DLL","DllMain"
FALSE,"write.exe","edputil.dll","DllMain"
FALSE,"write.exe","edputil.dll","EdpGetIsManaged"
FALSE,"write.exe","FLTLIB.DLL","DllMain"
FALSE,"write.exe","PROPSYS.dll","DllMain"
FALSE,"write.exe","PROPSYS.dll","PSCreateMemoryPropertyStore"
FALSE,"write.exe","PROPSYS.dll","PSPropertyBag_WriteDWORD"
FALSE,"wscadminui.exe","CRYPTBASE.DLL","DllMain"
FALSE,"wsmanhttpconfig.exe","DSROLE.dll","DllMain"
FALSE,"wsmanhttpconfig.exe","HTTPAPI.dll","DllMain"
FALSE,"wsmanhttpconfig.exe","HTTPAPI.dll","HttpInitialize"
FALSE,"wsmanhttpconfig.exe","HTTPAPI.dll","HttpTerminate"
FALSE,"wsmanhttpconfig.exe","mi.dll","DllMain"
FALSE,"wsmanhttpconfig.exe","miutils.dll","DllMain"
FALSE,"wsmprovhost.exe","DSROLE.dll","DllMain"
FALSE,"wsmprovhost.exe","mi.dll","DllMain"
FALSE,"wsmprovhost.exe","miutils.dll","DllMain"
